model,dataset,horizon,mode,well,file_path,status,raw_status,reason,n_train,n_test,n_cv_folds,has_test_predictions,has_test_targets,cv_fold_count,mae,rmse,r2,r2_prod,mase,mase_denominator_source,mase_naive_mae,mase_scale_n,mase_valid,mase_warning,mase_denominator_sample_size,mase_flat,mase_group_macro,mase_group_weighted,mase_aggregation,raw_train_naive_mae,recomputed_mase,effective_mase,effective_mase_source,recompute_error
chronos,ganymede,7,multi_well,,/app/results/chronos/ganymede_h7_multi_well.json,ok,ok,,38896,9739,3,True,True,3,0.27606339204799757,1.1384804539499649,0.4694550149209443,-0.036865859224816555,0.15899976247842273,grouped_train,,,True,,38896,,0.15934785315825814,0.15899976247842273,group_weighted,1.4520591726559235,0.19011855525354193,0.19011855525354193,raw_train_recomputed,
deeponet,ganymede,7,multi_well,,/app/results/deeponet/ganymede_h7_multi_well.json,ok,ok,,38896,9739,3,True,True,3,0.6533688231145292,1.319505177621481,0.28732240069519455,-0.2717431050181558,0.02783043714932143,grouped_train,,,True,,38896,,0.02982312171667392,0.02783043714932143,group_weighted,1.4520591726559235,0.4499601913050618,0.4499601913050618,raw_train_recomputed,
lstm,ganymede,7,multi_well,,/app/results/lstm/ganymede_h7_multi_well.json,ok,ok,,38896,9739,3,True,True,3,0.5009742820358909,1.2084962361796363,0.4021922853087423,-0.0569282036269283,0.0219046290860478,grouped_train,,,True,,38896,,0.02279270221854366,0.0219046290860478,group_weighted,1.4520591726559235,0.3450095502097011,0.3450095502097011,raw_train_recomputed,
patchtst,ganymede,7,multi_well,,/app/results/patchtst/ganymede_h7_multi_well.json,ok,ok,,38896,9739,3,True,True,3,0.9640480109308747,1.9113331244576133,-0.49535285370980553,-0.4646232929115648,0.04318393698157531,grouped_train,,,True,,38896,,0.04327735175288322,0.04318393698157531,group_weighted,1.4520591726559235,0.6639178547851873,0.6639178547851873,raw_train_recomputed,
tcn,ganymede,7,multi_well,,/app/results/tcn/ganymede_h7_multi_well.json,ok,ok,,38896,9739,3,True,True,3,0.5180754480961648,1.178706798038851,0.431300969936424,-0.1719148183050423,0.019775951079374587,grouped_train,,,True,,38896,,0.02058558712907111,0.019775951079374587,group_weighted,1.4520591726559235,0.3567867328358021,0.3567867328358021,raw_train_recomputed,
timesfm,ganymede,7,multi_well,,/app/results/timesfm/ganymede_h7_multi_well.json,ok,ok,,38896,9739,3,True,True,3,0.31266590900981595,1.0736738807503061,0.5281371000185522,0.1774094979252846,0.17884979618575175,grouped_train,,,True,,38896,,0.1794263687573891,0.17884979618575175,group_weighted,1.4520591726559235,0.21532587300690156,0.21532587300690156,raw_train_recomputed,
tirex,ganymede,7,multi_well,,/app/results/tirex/ganymede_h7_multi_well.json,ok,ok,,38896,9739,3,True,True,3,0.27260659104931606,1.0740359070531624,0.5278188365601989,0.16153127944980894,0.1572623072263178,grouped_train,,,True,,38896,,0.15763540805272025,0.1572623072263178,group_weighted,1.4520591726559235,0.1877379353285572,0.1877379353285572,raw_train_recomputed,
chronos,ganymede,7,per_well,49_22-Z01Z,/app/results/chronos/ganymede_h7_per_well_49_22-Z01Z.json,ok,ok,,6083,1523,3,True,True,3,1.3969838619232178e-08,1.3969838619232178e-08,0.0,0.0,4.060618299344939e-09,grouped_train,,,True,,6083,4.060618299344939e-09,4.060618299344939e-09,4.060618299344939e-09,group_weighted,2.1786874641243488,6.4120434203016315e-09,6.4120434203016315e-09,raw_train_recomputed,
deeponet,ganymede,7,per_well,49_22-Z01Z,/app/results/deeponet/ganymede_h7_per_well_49_22-Z01Z.json,ok,ok,,6083,1523,3,True,True,3,0.4317487989153181,0.5435017502128879,0.0,0.0,0.005617622763273522,grouped_train,,,True,,6083,0.005617622763273522,0.005617622763273522,0.005617622763273522,group_weighted,2.1786874641243488,0.19816922161841383,0.19816922161841383,raw_train_recomputed,
lstm,ganymede,7,per_well,49_22-Z01Z,/app/results/lstm/ganymede_h7_per_well_49_22-Z01Z.json,ok,ok,,6083,1523,3,True,True,3,0.06228181405850618,0.06511922805626845,0.0,0.0,0.0008103687544053984,grouped_train,,,True,,6083,0.0008103687544053984,0.0008103687544053984,0.0008103687544053984,group_weighted,2.1786874641243488,0.028586851067019973,0.028586851067019973,raw_train_recomputed,
patchtst,ganymede,7,per_well,49_22-Z01Z,/app/results/patchtst/ganymede_h7_per_well_49_22-Z01Z.json,ok,ok,,6083,1523,3,True,True,3,8.492786407470703,8.492787220183388,0.0,0.0,0.11050238093559799,grouped_train,,,True,,6083,0.11050238093559799,0.11050238093559799,0.11050238093559799,group_weighted,2.1786874641243488,3.898120564476694,3.898120564476694,raw_train_recomputed,
tcn,ganymede,7,per_well,49_22-Z01Z,/app/results/tcn/ganymede_h7_per_well_49_22-Z01Z.json,ok,ok,,6083,1523,3,True,True,3,0.1829991603186135,0.22608548295697667,0.0,0.0,0.002381061050426724,grouped_train,,,True,,6083,0.002381061050426724,0.002381061050426724,0.002381061050426724,group_weighted,2.1786874641243488,0.0839951408047248,0.0839951408047248,raw_train_recomputed,
timesfm,ganymede,7,per_well,49_22-Z01Z,/app/results/timesfm/ganymede_h7_per_well_49_22-Z01Z.json,ok,ok,,6083,1523,3,True,True,3,0.0025679848955145906,0.0030040059167645004,0.0,0.0,0.000746437145294745,grouped_train,,,True,,6083,0.000746437145294745,0.000746437145294745,0.000746437145294745,group_weighted,2.1786874641243488,0.0011786843858059774,0.0011786843858059774,raw_train_recomputed,
tirex,ganymede,7,per_well,49_22-Z01Z,/app/results/tirex/ganymede_h7_per_well_49_22-Z01Z.json,ok,ok,,6083,1523,3,True,True,3,5.117414069167135e-09,6.278788186130562e-09,0.0,0.0,1.4874806918655327e-09,grouped_train,,,True,,6083,1.4874806918655327e-09,1.4874806918655327e-09,1.4874806918655327e-09,group_weighted,2.1786874641243488,2.3488518447155566e-09,2.3488518447155566e-09,raw_train_recomputed,
chronos,ganymede,7,per_well,49_22-Z02Z,/app/results/chronos/ganymede_h7_per_well_49_22-Z02Z.json,ok,ok,,6083,1523,3,True,True,3,1.1270775593005675,2.4367640833399284,0.313540787634608,-0.681379748565812,0.24303809627773448,grouped_train,,,True,,6083,0.24303809627773448,0.24303809627773448,0.24303809627773448,group_weighted,2.6656935411135314,0.4228083768510604,0.4228083768510604,raw_train_recomputed,
deeponet,ganymede,7,per_well,49_22-Z02Z,/app/results/deeponet/ganymede_h7_per_well_49_22-Z02Z.json,ok,ok,,6083,1523,3,True,True,3,9.771750965839411,14.453138111158413,-23.149718727621458,-43.77744691224838,0.11148580665433135,grouped_train,,,True,,6083,0.11148580665433133,0.11148580665433133,0.11148580665433135,group_weighted,2.6656935411135314,3.665744323241857,3.665744323241857,raw_train_recomputed,
lstm,ganymede,7,per_well,49_22-Z02Z,/app/results/lstm/ganymede_h7_per_well_49_22-Z02Z.json,ok,ok,,6083,1523,3,True,True,3,1.7367110840543643,2.77218285168152,0.11155301712547283,-0.8802399306484456,0.019814118964777243,grouped_train,,,True,,6083,0.019814118964777243,0.019814118964777243,0.019814118964777243,group_weighted,2.6656935411135314,0.6515044048645193,0.6515044048645193,raw_train_recomputed,
patchtst,ganymede,7,per_well,49_22-Z02Z,/app/results/patchtst/ganymede_h7_per_well_49_22-Z02Z.json,ok,ok,,6083,1523,3,True,True,3,3.3630062674348946,3.83257670901297,-0.6981243262868715,-0.6684001071123242,0.03836850405001538,grouped_train,,,True,,6083,0.03836850405001538,0.03836850405001538,0.03836850405001538,group_weighted,2.6656935411135314,1.2615877315102308,1.2615877315102308,raw_train_recomputed,
tcn,ganymede,7,per_well,49_22-Z02Z,/app/results/tcn/ganymede_h7_per_well_49_22-Z02Z.json,ok,ok,,6083,1523,3,True,True,3,2.0942992317823026,3.1731142806160633,-0.16401666661636072,-2.7926634693101158,0.023893838478592423,grouped_train,,,True,,6083,0.023893838478592427,0.023893838478592427,0.023893838478592423,group_weighted,2.6656935411135314,0.7856489125555888,0.7856489125555888,raw_train_recomputed,
timesfm,ganymede,7,per_well,49_22-Z02Z,/app/results/timesfm/ganymede_h7_per_well_49_22-Z02Z.json,ok,ok,,6083,1523,3,True,True,3,1.2768450771588615,2.350535409004382,0.3612640445966837,-0.5029547995198254,0.27533331156629876,grouped_train,,,True,,6083,0.27533331156629876,0.27533331156629876,0.27533331156629876,group_weighted,2.6656935411135314,0.4789916985826845,0.4789916985826845,raw_train_recomputed,
tirex,ganymede,7,per_well,49_22-Z02Z,/app/results/tirex/ganymede_h7_per_well_49_22-Z02Z.json,ok,ok,,6083,1523,3,True,True,3,1.1102541484301631,2.3052462042366018,0.3856407530962317,-0.42473042939933525,0.23941036922638714,grouped_train,,,True,,6083,0.23941036922638714,0.23941036922638714,0.23941036922638714,group_weighted,2.6656935411135314,0.4164972947214256,0.4164972947214256,raw_train_recomputed,
chronos,ganymede,7,per_well,49_22-Z04,/app/results/chronos/ganymede_h7_per_well_49_22-Z04.json,ok,ok,,6083,1523,3,True,True,3,0.2132129059535544,0.6062134756302894,0.3802072671751967,-1.0612607418263225,0.1942312175320281,grouped_train,,,True,,6083,0.1942312175320281,0.1942312175320281,0.1942312175320281,group_weighted,0.5644844258539671,0.37771264571383034,0.37771264571383034,raw_train_recomputed,
deeponet,ganymede,7,per_well,49_22-Z04,/app/results/deeponet/ganymede_h7_per_well_49_22-Z04.json,ok,ok,,6083,1523,3,True,True,3,3.0967378274840494,3.942354941450064,-25.212398048608048,-42.79312936782765,0.8653501060495394,grouped_train,,,True,,6083,0.8653501060495394,0.8653501060495394,0.8653501060495394,group_weighted,0.5644844258539671,5.485957956765985,5.485957956765985,raw_train_recomputed,
lstm,ganymede,7,per_well,49_22-Z04,/app/results/lstm/ganymede_h7_per_well_49_22-Z04.json,ok,ok,,6083,1523,3,True,True,3,2.1912880841076188,3.015977012241284,-14.340918524679822,-35.3689392273528,0.6123319058973155,grouped_train,,,True,,6083,0.6123319058973155,0.6123319058973155,0.6123319058973155,group_weighted,0.5644844258539671,3.881928329187435,3.881928329187435,raw_train_recomputed,
patchtst,ganymede,7,per_well,49_22-Z04,/app/results/patchtst/ganymede_h7_per_well_49_22-Z04.json,ok,ok,,6083,1523,3,True,True,3,0.965043220049489,1.0572944302927014,-0.8853292183630836,-0.675795326487953,0.26967095677282216,grouped_train,,,True,,6083,0.26967095677282216,0.26967095677282216,0.26967095677282216,group_weighted,0.5644844258539671,1.7096011437154282,1.7096011437154282,raw_train_recomputed,
tcn,ganymede,7,per_well,49_22-Z04,/app/results/tcn/ganymede_h7_per_well_49_22-Z04.json,ok,ok,,6083,1523,3,True,True,3,3.707919916508625,4.376700924914174,-31.306436076580113,-38.86107503338524,1.0361383726115463,grouped_train,,,True,,6083,1.0361383726115463,1.0361383726115463,1.0361383726115463,group_weighted,0.5644844258539671,6.568684177422938,6.568684177422938,raw_train_recomputed,
timesfm,ganymede,7,per_well,49_22-Z04,/app/results/timesfm/ganymede_h7_per_well_49_22-Z04.json,ok,ok,,6083,1523,3,True,True,3,0.23704603195739607,0.5519489670165184,0.4862011152729103,-0.539436362465944,0.21594255372257184,grouped_train,,,True,,6083,0.21594255372257184,0.21594255372257184,0.21594255372257184,group_weighted,0.5644844258539671,0.4199336971941901,0.4199336971941901,raw_train_recomputed,
tirex,ganymede,7,per_well,49_22-Z04,/app/results/tirex/ganymede_h7_per_well_49_22-Z04.json,ok,ok,,6083,1523,3,True,True,3,0.20851168941052317,0.5547238438790464,0.4810219679681741,-0.6666482073198987,0.189948535820286,grouped_train,,,True,,6083,0.18994853582028604,0.18994853582028604,0.189948535820286,group_weighted,0.5644844258539671,0.3693843086903259,0.3693843086903259,raw_train_recomputed,
chronos,ganymede,7,per_well,49_22-Z05Z,/app/results/chronos/ganymede_h7_per_well_49_22-Z05Z.json,ok,ok,,6083,1523,3,True,True,3,1.3969838619232178e-08,1.3969838619232178e-08,0.0,0.0,5.4267447377113396e-09,grouped_train,,,True,,6083,5.4267447377113396e-09,5.4267447377113396e-09,5.4267447377113396e-09,group_weighted,1.5942167606998912,8.762822574452898e-09,8.762822574452898e-09,raw_train_recomputed,
deeponet,ganymede,7,per_well,49_22-Z05Z,/app/results/deeponet/ganymede_h7_per_well_49_22-Z05Z.json,ok,ok,,6083,1523,3,True,True,3,0.17948695591517858,0.2150362093950655,0.0,0.0,0.0031630336928304423,grouped_train,,,True,,6083,0.0031630336928304423,0.0031630336928304423,0.0031630336928304423,group_weighted,1.5942167606998912,0.11258629336978017,0.11258629336978017,raw_train_recomputed,
lstm,ganymede,7,per_well,49_22-Z05Z,/app/results/lstm/ganymede_h7_per_well_49_22-Z05Z.json,ok,ok,,6083,1523,3,True,True,3,0.06922803606305804,0.07088356031659751,0.0,0.0,0.001219980635581195,grouped_train,,,True,,6083,0.001219980635581195,0.001219980635581195,0.001219980635581195,group_weighted,1.5942167606998912,0.043424481394026763,0.043424481394026763,raw_train_recomputed,
patchtst,ganymede,7,per_well,49_22-Z05Z,/app/results/patchtst/ganymede_h7_per_well_49_22-Z05Z.json,ok,ok,,6083,1523,3,True,True,3,9.9831725529262,9.98317436086152,0.0,0.0,0.17592983838429066,grouped_train,,,True,,6083,0.1759298383842907,0.1759298383842907,0.17592983838429066,group_weighted,1.5942167606998912,6.262117422817334,6.262117422817334,raw_train_recomputed,
tcn,ganymede,7,per_well,49_22-Z05Z,/app/results/tcn/ganymede_h7_per_well_49_22-Z05Z.json,ok,ok,,6083,1523,3,True,True,3,0.13189150484001175,0.15806751387673693,0.0,0.0,0.002324276276679487,grouped_train,,,True,,6083,0.002324276276679487,0.002324276276679487,0.002324276276679487,group_weighted,1.5942167606998912,0.0827312245683008,0.0827312245683008,raw_train_recomputed,
timesfm,ganymede,7,per_well,49_22-Z05Z,/app/results/timesfm/ganymede_h7_per_well_49_22-Z05Z.json,ok,ok,,6083,1523,3,True,True,3,0.002568066818639636,0.003004250199427228,0.0,0.0,0.0009975951386408872,grouped_train,,,True,,6083,0.0009975951386408872,0.0009975951386408872,0.0009975951386408872,group_weighted,1.5942167606998912,0.0016108642701210885,0.0016108642701210885,raw_train_recomputed,
tirex,ganymede,7,per_well,49_22-Z05Z,/app/results/tirex/ganymede_h7_per_well_49_22-Z05Z.json,ok,ok,,6083,1523,3,True,True,3,5.196141380160159e-09,6.5068968624767095e-09,0.0,0.0,2.01850097626526e-09,grouped_train,,,True,,6083,2.01850097626526e-09,2.01850097626526e-09,2.01850097626526e-09,group_weighted,1.5942167606998912,3.2593694334758814e-09,3.2593694334758814e-09,raw_train_recomputed,
chronos,ganymede,7,per_well,49_22-Z06,/app/results/chronos/ganymede_h7_per_well_49_22-Z06.json,ok,ok,,6083,1523,3,True,True,3,2.687231760010375e-06,9.068379081565204e-05,-0.028445074720583996,-0.028445074720583996,9.034566467098946e-07,grouped_train,,,True,,6083,9.034566467098946e-07,9.034566467098946e-07,9.034566467098946e-07,group_weighted,1.8195509590480134,1.476865347819844e-06,1.476865347819844e-06,raw_train_recomputed,
deeponet,ganymede,7,per_well,49_22-Z06,/app/results/deeponet/ganymede_h7_per_well_49_22-Z06.json,ok,ok,,6083,1523,3,True,True,3,0.13805380065248132,0.15952340225741268,-3183255.372026507,-3183255.372026507,0.0019464304469872492,grouped_train,,,True,,6083,0.0019464304469872494,0.0019464304469872494,0.0019464304469872492,group_weighted,1.8195509590480134,0.07587245631455734,0.07587245631455734,raw_train_recomputed,
lstm,ganymede,7,per_well,49_22-Z06,/app/results/lstm/ganymede_h7_per_well_49_22-Z06.json,ok,ok,,6083,1523,3,True,True,3,0.02360488903051737,0.02807618178007757,-98603.99177686076,-98603.99177686076,0.0003328070251568879,grouped_train,,,True,,6083,0.0003328070251568879,0.0003328070251568879,0.0003328070251568879,group_weighted,1.8195509590480134,0.012972920001574134,0.012972920001574134,raw_train_recomputed,
patchtst,ganymede,7,per_well,49_22-Z06,/app/results/patchtst/ganymede_h7_per_well_49_22-Z06.json,ok,ok,,6083,1523,3,True,True,3,0.31222501564580496,0.3145175134240631,-12374066.39201228,-12374066.39201228,0.004402082911819799,grouped_train,,,True,,6083,0.004402082911819799,0.004402082911819799,0.004402082911819799,group_weighted,1.8195509590480134,0.17159454319936204,0.17159454319936204,raw_train_recomputed,
tcn,ganymede,7,per_well,49_22-Z06,/app/results/tcn/ganymede_h7_per_well_49_22-Z06.json,ok,ok,,6083,1523,3,True,True,3,0.25344458915381973,0.27199615207179717,-9254400.348801764,-9254400.348801764,0.003573333458562066,grouped_train,,,True,,6083,0.003573333458562066,0.003573333458562066,0.003573333458562066,group_weighted,1.8195509590480134,0.13928963511218262,0.13928963511218262,raw_train_recomputed,
timesfm,ganymede,7,per_well,49_22-Z06,/app/results/timesfm/ganymede_h7_per_well_49_22-Z06.json,ok,ok,,6083,1523,3,True,True,3,0.002525134881284159,0.0029798169618709507,-1109.4549531919397,-1109.4549531919397,0.0008489591133465786,grouped_train,,,True,,6083,0.0008489591133465786,0.0008489591133465786,0.0008489591133465786,group_weighted,1.8195509590480134,0.0013877791488759986,0.0013877791488759986,raw_train_recomputed,
tirex,ganymede,7,per_well,49_22-Z06,/app/results/tirex/ganymede_h7_per_well_49_22-Z06.json,ok,ok,,6083,1523,3,True,True,3,2.8790900538659983e-06,9.410506215522619e-05,-0.10751021734752908,-0.10751021734752908,9.679600711594529e-07,grouped_train,,,True,,6083,9.679600711594529e-07,9.679600711594529e-07,9.679600711594529e-07,group_weighted,1.8195509590480134,1.58230800821997e-06,1.58230800821997e-06,raw_train_recomputed,
chronos,ganymede,7,per_well,49_22-Z07,/app/results/chronos/ganymede_h7_per_well_49_22-Z07.json,ok,ok,,5200,1302,3,True,True,3,0.5028217528610515,1.5291685709248712,0.25235862261777053,-0.08871375655672775,0.6826804820501663,grouped_train,,,True,,5200,0.6826804820501663,0.6826804820501663,0.6826804820501663,group_weighted,0.37182219908293035,1.3523177317040806,1.3523177317040806,raw_train_recomputed,
deeponet,ganymede,7,per_well,49_22-Z07,/app/results/deeponet/ganymede_h7_per_well_49_22-Z07.json,ok,ok,,5200,1302,3,True,True,3,2.179099787228563,2.7656355131360426,-1.4455271201655875,-0.2310705149458545,0.9953224515174407,grouped_train,,,True,,5200,0.9953224515174407,0.9953224515174407,0.9953224515174407,group_weighted,0.37182219908293035,5.860596254347207,5.860596254347207,raw_train_recomputed,
lstm,ganymede,7,per_well,49_22-Z07,/app/results/lstm/ganymede_h7_per_well_49_22-Z07.json,ok,ok,,5200,1302,3,True,True,3,1.4768036673512144,1.863141301405104,-0.10987529197747681,0.26605988864175056,0.674542696581789,grouped_train,,,True,,5200,0.674542696581789,0.674542696581789,0.674542696581789,group_weighted,0.37182219908293035,3.971800691281027,3.971800691281027,raw_train_recomputed,
patchtst,ganymede,7,per_well,49_22-Z07,/app/results/patchtst/ganymede_h7_per_well_49_22-Z07.json,ok,ok,,5200,1302,3,True,True,3,1.151515594131988,1.7710875566654822,-0.0029116135425197864,-0.47927101187018595,0.5259645890607378,grouped_train,,,True,,5200,0.5259645890607378,0.5259645890607378,0.5259645890607378,group_weighted,0.37182219908293035,3.0969522448420475,3.0969522448420475,raw_train_recomputed,
tcn,ganymede,7,per_well,49_22-Z07,/app/results/tcn/ganymede_h7_per_well_49_22-Z07.json,ok,ok,,5200,1302,3,True,True,3,1.6410176887934946,1.9802198007993894,-0.2537455209013968,-0.0838836351202954,0.7495488543325283,grouped_train,,,True,,5200,0.7495488543325283,0.7495488543325283,0.7495488543325283,group_weighted,0.37182219908293035,4.413447321975216,4.413447321975216,raw_train_recomputed,
timesfm,ganymede,7,per_well,49_22-Z07,/app/results/timesfm/ganymede_h7_per_well_49_22-Z07.json,ok,ok,,5200,1302,3,True,True,3,0.557310703427352,1.3429724627596429,0.4233439967898157,0.42109230567758804,0.7566600639345027,grouped_train,,,True,,5200,0.7566600639345027,0.7566600639345027,0.7566600639345027,group_weighted,0.37182219908293035,1.498863448180109,1.498863448180109,raw_train_recomputed,
tirex,ganymede,7,per_well,49_22-Z07,/app/results/tirex/ganymede_h7_per_well_49_22-Z07.json,ok,ok,,5200,1302,3,True,True,3,0.4964934473773072,1.432630277631908,0.3437778988748291,0.2115356008906576,0.674088549394864,grouped_train,,,True,,5200,0.674088549394864,0.674088549394864,0.674088549394864,group_weighted,0.37182219908293035,1.335298023092404,1.335298023092404,raw_train_recomputed,
chronos,ganymede,7,per_well,49_22-Z08,/app/results/chronos/ganymede_h7_per_well_49_22-Z08.json,ok,ok,,3281,822,3,True,True,3,1.3969838619232178e-08,1.3969838619232178e-08,0.0,0.0,2.9679354930597874e-08,grouped_train,,,True,,3281,2.9679354930597874e-08,2.9679354930597874e-08,2.9679354930597874e-08,group_weighted,0.19025648094410277,7.342634821116295e-08,7.342634821116295e-08,raw_train_recomputed,
deeponet,ganymede,7,per_well,49_22-Z08,/app/results/deeponet/ganymede_h7_per_well_49_22-Z08.json,ok,ok,,3281,822,3,True,True,3,0.12363275347959261,0.15062199805031615,0.0,0.0,0.06250451220743207,grouped_train,,,True,,3281,0.06250451220743207,0.06250451220743207,0.06250451220743207,group_weighted,0.19025648094410277,0.6498215086608052,0.6498215086608052,raw_train_recomputed,
lstm,ganymede,7,per_well,49_22-Z08,/app/results/lstm/ganymede_h7_per_well_49_22-Z08.json,ok,ok,,3281,822,3,True,True,3,0.06508463059691534,0.06605065985683162,0.0,0.0,0.032904574015918835,grouped_train,,,True,,3281,0.032904574015918835,0.032904574015918835,0.032904574015918835,group_weighted,0.19025648094410277,0.34208890164449723,0.34208890164449723,raw_train_recomputed,
patchtst,ganymede,7,per_well,49_22-Z08,/app/results/patchtst/ganymede_h7_per_well_49_22-Z08.json,ok,ok,,3281,822,3,True,True,3,0.025031702859061106,0.025370041547777833,0.0,0.0,0.012655176989043249,grouped_train,,,True,,3281,0.012655176989043249,0.012655176989043249,0.012655176989043249,group_weighted,0.19025648094410277,0.131568200646029,0.131568200646029,raw_train_recomputed,
tcn,ganymede,7,per_well,49_22-Z08,/app/results/tcn/ganymede_h7_per_well_49_22-Z08.json,ok,ok,,3281,822,3,True,True,3,0.5181217046093932,0.5232260945403244,0.0,0.0,0.26194469911275525,grouped_train,,,True,,3281,0.26194469911275525,0.26194469911275525,0.26194469911275525,group_weighted,0.19025648094410277,2.7232801849289805,2.7232801849289805,raw_train_recomputed,
timesfm,ganymede,7,per_well,49_22-Z08,/app/results/timesfm/ganymede_h7_per_well_49_22-Z08.json,ok,ok,,3281,822,3,True,True,3,0.002568066818639636,0.003004250199427228,0.0,0.0,0.005455937514622934,grouped_train,,,True,,3281,0.005455937514622934,0.005455937514622934,0.005455937514622934,group_weighted,0.19025648094410277,0.013497920312076687,0.013497920312076687,raw_train_recomputed,
tirex,ganymede,7,per_well,49_22-Z08,/app/results/tirex/ganymede_h7_per_well_49_22-Z08.json,ok,ok,,3281,822,3,True,True,3,5.19580801493995e-09,6.506490277980077e-09,0.0,0.0,1.1038655093291527e-08,grouped_train,,,True,,3281,1.1038655093291527e-08,1.1038655093291527e-08,1.1038655093291527e-08,group_weighted,0.19025648094410277,2.7309492896940917e-08,2.7309492896940917e-08,raw_train_recomputed,
chronos,ganymede,14,multi_well,,/app/results/chronos/ganymede_h14_multi_well.json,ok,ok,,38805,9732,3,True,True,3,0.34652850102005245,1.3000150005666042,0.3069806361468481,-0.265033009563876,0.19914244807378534,grouped_train,,,True,,38805,,0.19975738953500888,0.19914244807378534,group_weighted,2.4293872249820967,0.14264029112222165,0.14264029112222165,raw_train_recomputed,
deeponet,ganymede,14,multi_well,,/app/results/deeponet/ganymede_h14_multi_well.json,ok,ok,,38805,9732,3,True,True,3,0.7616523596021267,1.3868234647957232,0.211337835736496,-0.5113483320784169,0.032184864279144756,grouped_train,,,True,,38805,,0.03531412496083325,0.032184864279144756,group_weighted,2.4293872249820967,0.31351624466031336,0.31351624466031336,raw_train_recomputed,
lstm,ganymede,14,multi_well,,/app/results/lstm/ganymede_h14_multi_well.json,ok,ok,,38805,9732,3,True,True,3,0.5598919727575351,1.3809241463457784,0.21803324253175826,-0.6706983532866069,0.022550149579193553,grouped_train,,,True,,38805,,0.02326190667518821,0.022550149579193553,group_weighted,2.4293872249820967,0.2304663361196613,0.2304663361196613,raw_train_recomputed,
patchtst,ganymede,14,multi_well,,/app/results/patchtst/ganymede_h14_multi_well.json,ok,ok,,38805,9732,3,True,True,3,1.1645631784666488,2.0089537566774704,-0.6549638958510045,-0.511433897826622,0.05057047011741151,grouped_train,,,True,,38805,,0.051993537021982845,0.05057047011741151,group_weighted,2.4293872249820967,0.47936498821229745,0.47936498821229745,raw_train_recomputed,
tcn,ganymede,14,multi_well,,/app/results/tcn/ganymede_h14_multi_well.json,ok,ok,,38805,9732,3,True,True,3,0.5194351845980041,1.2847097488111152,0.32320259758532977,-0.2553881745643871,0.020050520125838953,grouped_train,,,True,,38805,,0.020923985368359047,0.020050520125838953,group_weighted,2.4293872249820967,0.21381325268219933,0.21381325268219933,raw_train_recomputed,
timesfm,ganymede,14,multi_well,,/app/results/timesfm/ganymede_h14_multi_well.json,ok,ok,,38805,9732,3,True,True,3,0.37647075815265757,1.2260046363887658,0.38364224088912546,-0.030891210776896605,0.2129828367338004,grouped_train,,,True,,38805,,0.21367664734558828,0.2129828367338004,group_weighted,2.4293872249820967,0.15496531564885954,0.15496531564885954,raw_train_recomputed,
tirex,ganymede,14,multi_well,,/app/results/tirex/ganymede_h14_multi_well.json,ok,ok,,38805,9732,3,True,True,3,0.34274197619950253,1.2232207488746865,0.38643818880972636,-0.060709576676230004,0.19494374834085232,grouped_train,,,True,,38805,,0.19538902956301357,0.19494374834085232,group_weighted,2.4293872249820967,0.14108165741343617,0.14108165741343617,raw_train_recomputed,
chronos,ganymede,14,per_well,49_22-Z01Z,/app/results/chronos/ganymede_h14_per_well_49_22-Z01Z.json,ok,ok,,6070,1522,3,True,True,3,1.893765099873927e-05,0.0017024498689164386,0.0,0.0,5.492836728558164e-06,grouped_train,,,True,,6070,5.492836728558163e-06,5.492836728558163e-06,5.492836728558164e-06,group_weighted,3.4629147534252955,5.46870262399828e-06,5.46870262399828e-06,raw_train_recomputed,
deeponet,ganymede,14,per_well,49_22-Z01Z,/app/results/deeponet/ganymede_h14_per_well_49_22-Z01Z.json,ok,ok,,6070,1522,3,True,True,3,0.064697265625,0.06933497326898684,0.0,0.0,0.0008475172744991824,grouped_train,,,True,,6070,0.0008475172744991824,0.0008475172744991824,0.0008475172744991824,group_weighted,3.4629147534252955,0.01868289294762615,0.01868289294762615,raw_train_recomputed,
lstm,ganymede,14,per_well,49_22-Z01Z,/app/results/lstm/ganymede_h14_per_well_49_22-Z01Z.json,ok,ok,,6070,1522,3,True,True,3,0.026207808864615705,0.02973572737939847,0.0,0.0,0.0003433154481099388,grouped_train,,,True,,6070,0.0003433154481099388,0.0003433154481099388,0.0003433154481099388,group_weighted,3.4629147534252955,0.00756813572690249,0.00756813572690249,raw_train_recomputed,
patchtst,ganymede,14,per_well,49_22-Z01Z,/app/results/patchtst/ganymede_h14_per_well_49_22-Z01Z.json,ok,ok,,6070,1522,3,True,True,3,8.427457332611084,8.427457858828934,0.0,0.0,0.11039748898959277,grouped_train,,,True,,6070,0.11039748898959276,0.11039748898959276,0.11039748898959277,group_weighted,3.4629147534252955,2.4336311843296685,2.4336311843296685,raw_train_recomputed,
tcn,ganymede,14,per_well,49_22-Z01Z,/app/results/tcn/ganymede_h14_per_well_49_22-Z01Z.json,ok,ok,,6070,1522,3,True,True,3,0.1608682092323253,0.20699827826182898,0.0,0.0,0.002107331506595563,grouped_train,,,True,,6070,0.002107331506595563,0.002107331506595563,0.002107331506595563,group_weighted,3.4629147534252955,0.04645456809850854,0.04645456809850854,raw_train_recomputed,
timesfm,ganymede,14,per_well,49_22-Z01Z,/app/results/timesfm/ganymede_h14_per_well_49_22-Z01Z.json,ok,ok,,6070,1522,3,True,True,3,0.0026113815672163454,0.0029544029440363787,0.0,0.0,0.0007574272324292295,grouped_train,,,True,,6070,0.0007574272324292295,0.0007574272324292295,0.0007574272324292295,group_weighted,3.4629147534252955,0.0007540992929824023,0.0007540992929824023,raw_train_recomputed,
tirex,ganymede,14,per_well,49_22-Z01Z,/app/results/tirex/ganymede_h14_per_well_49_22-Z01Z.json,ok,ok,,6070,1522,3,True,True,3,4.5386324538620554e-09,5.859438458979142e-09,0.0,0.0,1.3164234065597267e-09,grouped_train,,,True,,6070,1.3164234065597267e-09,1.3164234065597267e-09,1.3164234065597267e-09,group_weighted,3.4629147534252955,1.3106393824372166e-09,1.3106393824372166e-09,raw_train_recomputed,
chronos,ganymede,14,per_well,49_22-Z02Z,/app/results/chronos/ganymede_h14_per_well_49_22-Z02Z.json,ok,ok,,6070,1522,3,True,True,3,1.4128949992406004,2.7911749425402417,0.09654805310855075,-1.0628755517433812,0.30401866170037056,grouped_train,,,True,,6070,0.30401866170037056,0.30401866170037056,0.30401866170037056,group_weighted,4.5745143552781435,0.3088622943352185,0.3088622943352185,raw_train_recomputed,
deeponet,ganymede,14,per_well,49_22-Z02Z,/app/results/deeponet/ganymede_h14_per_well_49_22-Z02Z.json,ok,ok,,6070,1522,3,True,True,3,9.36994606190469,14.467308231478977,-23.272047396167626,-49.17319520459,0.10693747380064705,grouped_train,,,True,,6070,0.10693747380064704,0.10693747380064704,0.10693747380064705,group_weighted,4.5745143552781435,2.04829307204895,2.04829307204895,raw_train_recomputed,
lstm,ganymede,14,per_well,49_22-Z02Z,/app/results/lstm/ganymede_h14_per_well_49_22-Z02Z.json,ok,ok,,6070,1522,3,True,True,3,1.7133897521246524,2.773444754736312,0.1079894690757014,-1.561669019174499,0.019554602611114892,grouped_train,,,True,,6070,0.019554602611114892,0.019554602611114892,0.019554602611114892,group_weighted,4.5745143552781435,0.3745511805308289,0.3745511805308289,raw_train_recomputed,
patchtst,ganymede,14,per_well,49_22-Z02Z,/app/results/patchtst/ganymede_h14_per_well_49_22-Z02Z.json,ok,ok,,6070,1522,3,True,True,3,3.2256658467517823,3.694265933603568,-0.5826586401572289,-0.6356628584059261,0.03681393197972599,grouped_train,,,True,,6070,0.03681393197972599,0.03681393197972599,0.03681393197972599,group_weighted,4.5745143552781435,0.705138424810048,0.705138424810048,raw_train_recomputed,
tcn,ganymede,14,per_well,49_22-Z02Z,/app/results/tcn/ganymede_h14_per_well_49_22-Z02Z.json,ok,ok,,6070,1522,3,True,True,3,2.356097606952897,3.338936253858006,-0.2928471968619142,-1.8935868303837977,0.026889709337779906,grouped_train,,,True,,6070,0.026889709337779906,0.026889709337779906,0.026889709337779906,group_weighted,4.5745143552781435,0.5150486858204731,0.5150486858204731,raw_train_recomputed,
timesfm,ganymede,14,per_well,49_22-Z02Z,/app/results/timesfm/ganymede_h14_per_well_49_22-Z02Z.json,ok,ok,,6070,1522,3,True,True,3,1.559251435915747,2.7037387907093993,0.1522644286610868,-0.9130427926398661,0.33551080232874575,grouped_train,,,True,,6070,0.33551080232874575,0.33551080232874575,0.33551080232874575,group_weighted,4.5745143552781435,0.34085616850598777,0.34085616850598777,raw_train_recomputed,
tirex,ganymede,14,per_well,49_22-Z02Z,/app/results/tirex/ganymede_h14_per_well_49_22-Z02Z.json,ok,ok,,6070,1522,3,True,True,3,1.4182133988372652,2.6621965910258187,0.1781147454878622,-0.8629585909207822,0.3051630444950119,grouped_train,,,True,,6070,0.3051630444950119,0.3051630444950119,0.3051630444950119,group_weighted,4.5745143552781435,0.31002490946408534,0.31002490946408534,raw_train_recomputed,
chronos,ganymede,14,per_well,49_22-Z04,/app/results/chronos/ganymede_h14_per_well_49_22-Z04.json,ok,ok,,6070,1522,3,True,True,3,0.2583093828764414,0.6665865700629681,0.2508539281992984,-1.3233459323223191,0.23486168322595902,grouped_train,,,True,,6070,0.23486168322595902,0.23486168322595902,0.23486168322595902,group_weighted,1.0723527193639126,0.24088098832785423,0.24088098832785423,raw_train_recomputed,
deeponet,ganymede,14,per_well,49_22-Z04,/app/results/deeponet/ganymede_h14_per_well_49_22-Z04.json,ok,ok,,6070,1522,3,True,True,3,2.582663412688932,3.737000077101081,-22.54504904986986,-37.331190446216844,0.7216708391649942,grouped_train,,,True,,6070,0.7216708391649942,0.7216708391649942,0.7216708391649942,group_weighted,1.0723527193639126,2.408408507809716,2.408408507809716,raw_train_recomputed,
lstm,ganymede,14,per_well,49_22-Z04,/app/results/lstm/ganymede_h14_per_well_49_22-Z04.json,ok,ok,,6070,1522,3,True,True,3,2.2658423891048707,2.885909906785089,-13.041675228243946,-17.28655346887156,0.6331418838115075,grouped_train,,,True,,6070,0.6331418838115075,0.6331418838115075,0.6331418838115075,group_weighted,1.0723527193639126,2.1129637181774483,2.1129637181774483,raw_train_recomputed,
patchtst,ganymede,14,per_well,49_22-Z04,/app/results/patchtst/ganymede_h14_per_well_49_22-Z04.json,ok,ok,,6070,1522,3,True,True,3,0.9973635228306351,1.1052985566248543,-1.0597408946521942,-1.1793213566896998,0.27869220856942983,grouped_train,,,True,,6070,0.27869220856942983,0.27869220856942983,0.27869220856942983,group_weighted,1.0723527193639126,0.9300704001778829,0.9300704001778829,raw_train_recomputed,
tcn,ganymede,14,per_well,49_22-Z04,/app/results/tcn/ganymede_h14_per_well_49_22-Z04.json,ok,ok,,6070,1522,3,True,True,3,3.3459928924602798,4.7167871655576965,-36.509903437917316,-67.47829651172532,0.9349671686516259,grouped_train,,,True,,6070,0.9349671686516259,0.9349671686516259,0.9349671686516259,group_weighted,1.0723527193639126,3.12023537781955,3.12023537781955,raw_train_recomputed,
timesfm,ganymede,14,per_well,49_22-Z04,/app/results/timesfm/ganymede_h14_per_well_49_22-Z04.json,ok,ok,,6070,1522,3,True,True,3,0.27231560505370905,0.5954718400925605,0.4021725607916239,-0.6921580597776837,0.2475965087269101,grouped_train,,,True,,6070,0.24759650872691008,0.24759650872691008,0.2475965087269101,group_weighted,1.0723527193639126,0.2539421965705822,0.2539421965705822,raw_train_recomputed,
tirex,ganymede,14,per_well,49_22-Z04,/app/results/tirex/ganymede_h14_per_well_49_22-Z04.json,ok,ok,,6070,1522,3,True,True,3,0.25054504977646075,0.610230486115945,0.37217126568268044,-0.8930498494333965,0.22780214740622942,grouped_train,,,True,,6070,0.22780214740622942,0.22780214740622942,0.22780214740622942,group_weighted,1.0723527193639126,0.23364052261188514,0.23364052261188514,raw_train_recomputed,
chronos,ganymede,14,per_well,49_22-Z05Z,/app/results/chronos/ganymede_h14_per_well_49_22-Z05Z.json,ok,ok,,6070,1522,3,True,True,3,1.893765099873927e-05,0.0017024498689164386,0.0,0.0,7.340808865639809e-06,grouped_train,,,True,,6070,7.340808865639809e-06,7.340808865639809e-06,7.340808865639809e-06,group_weighted,2.5471478509840266,7.434845602473835e-06,7.434845602473835e-06,raw_train_recomputed,
deeponet,ganymede,14,per_well,49_22-Z05Z,/app/results/deeponet/ganymede_h14_per_well_49_22-Z05Z.json,ok,ok,,6070,1522,3,True,True,3,0.08644866943359375,0.13142734817470517,0.0,0.0,0.0015366668643327758,grouped_train,,,True,,6070,0.0015366668643327758,0.0015366668643327758,0.0015366668643327758,group_weighted,2.5471478509840266,0.03393939986648065,0.03393939986648065,raw_train_recomputed,
lstm,ganymede,14,per_well,49_22-Z05Z,/app/results/lstm/ganymede_h14_per_well_49_22-Z05Z.json,ok,ok,,6070,1522,3,True,True,3,0.07488891056605748,0.07937748577846758,0.0,0.0,0.0013311865657023255,grouped_train,,,True,,6070,0.0013311865657023253,0.0013311865657023253,0.0013311865657023255,group_weighted,2.5471478509840266,0.0294010850360045,0.0294010850360045,raw_train_recomputed,
patchtst,ganymede,14,per_well,49_22-Z05Z,/app/results/patchtst/ganymede_h14_per_well_49_22-Z05Z.json,ok,ok,,6070,1522,3,True,True,3,9.86320699964251,9.863215426406018,0.0,0.0,0.17532326953913735,grouped_train,,,True,,6070,0.17532326953913735,0.17532326953913735,0.17532326953913735,group_weighted,2.5471478509840266,3.872255391783444,3.872255391783444,raw_train_recomputed,
tcn,ganymede,14,per_well,49_22-Z05Z,/app/results/tcn/ganymede_h14_per_well_49_22-Z05Z.json,ok,ok,,6070,1522,3,True,True,3,0.13582229614257812,0.16498962328747252,0.0,0.0,0.0024143069325111856,grouped_train,,,True,,6070,0.0024143069325111856,0.0024143069325111856,0.0024143069325111856,group_weighted,2.5471478509840266,0.053323287099375324,0.053323287099375324,raw_train_recomputed,
timesfm,ganymede,14,per_well,49_22-Z05Z,/app/results/timesfm/ganymede_h14_per_well_49_22-Z05Z.json,ok,ok,,6070,1522,3,True,True,3,0.0026112995359913577,0.0029543566052973877,0.0,0.0,0.0010122190331801244,grouped_train,,,True,,6070,0.0010122190331801244,0.0010122190331801244,0.0010122190331801244,group_weighted,2.5471478509840266,0.0010251856934737995,0.0010251856934737995,raw_train_recomputed,
tirex,ganymede,14,per_well,49_22-Z05Z,/app/results/tirex/ganymede_h14_per_well_49_22-Z05Z.json,ok,ok,,6070,1522,3,True,True,3,4.314493628248163e-09,5.601793504329554e-09,0.0,0.0,1.6724288075167859e-09,grouped_train,,,True,,6070,1.6724288075167859e-09,1.6724288075167859e-09,1.6724288075167859e-09,group_weighted,2.5471478509840266,1.6938528427320648e-09,1.6938528427320648e-09,raw_train_recomputed,
chronos,ganymede,14,per_well,49_22-Z06,/app/results/chronos/ganymede_h14_per_well_49_22-Z06.json,ok,ok,,6070,1522,3,True,True,3,2.1612669334007804e-05,0.001704864953307402,-362.2592421468883,-362.2592421468883,7.2507078332568185e-06,grouped_train,,,True,,6070,7.2507078332568185e-06,7.2507078332568185e-06,7.2507078332568185e-06,group_weighted,2.9963150241599545,7.213083123683606e-06,7.213083123683606e-06,raw_train_recomputed,
deeponet,ganymede,14,per_well,49_22-Z06,/app/results/deeponet/ganymede_h14_per_well_49_22-Z06.json,ok,ok,,6070,1522,3,True,True,3,0.12195126666166958,0.163108500018369,-3325759.21996967,-3325759.21996967,0.0017251125064662426,grouped_train,,,True,,6070,0.0017251125064662429,0.0017251125064662429,0.0017251125064662426,group_weighted,2.9963150241599545,0.040700415569908166,0.040700415569908166,raw_train_recomputed,
lstm,ganymede,14,per_well,49_22-Z06,/app/results/lstm/ganymede_h14_per_well_49_22-Z06.json,ok,ok,,6070,1522,3,True,True,3,0.01932753123775172,0.024972251615734273,-77955.64691361455,-77955.64691361455,0.0002734056543247224,grouped_train,,,True,,6070,0.0002734056543247224,0.0002734056543247224,0.0002734056543247224,group_weighted,2.9963150241599545,0.006450433643295026,0.006450433643295026,raw_train_recomputed,
patchtst,ganymede,14,per_well,49_22-Z06,/app/results/patchtst/ganymede_h14_per_well_49_22-Z06.json,ok,ok,,6070,1522,3,True,True,3,0.15507956054212005,0.16242803836288944,-3298068.0602202043,-3298068.0602202043,0.002193742604828452,grouped_train,,,True,,6070,0.002193742604828452,0.002193742604828452,0.002193742604828452,group_weighted,2.9963150241599545,0.051756760985303296,0.051756760985303296,raw_train_recomputed,
tcn,ganymede,14,per_well,49_22-Z06,/app/results/tcn/ganymede_h14_per_well_49_22-Z06.json,ok,ok,,6070,1522,3,True,True,3,0.21279646322251441,0.25109915698950275,-7881850.640602178,-7881850.640602178,0.003010201124481848,grouped_train,,,True,,6070,0.003010201124481848,0.003010201124481848,0.003010201124481848,group_weighted,2.9963150241599545,0.0710193893187763,0.0710193893187763,raw_train_recomputed,
timesfm,ganymede,14,per_well,49_22-Z06,/app/results/timesfm/ganymede_h14_per_well_49_22-Z06.json,ok,ok,,6070,1522,3,True,True,3,0.002567426289843392,0.0029303352123866582,-1072.1768950509288,-1072.1768950509288,0.0008613308066387249,grouped_train,,,True,,6070,0.0008613308066387249,0.0008613308066387249,0.0008613308066387249,group_weighted,2.9963150241599545,0.0008568612676376359,0.0008568612676376359,raw_train_recomputed,
tirex,ganymede,14,per_well,49_22-Z06,/app/results/tirex/ganymede_h14_per_well_49_22-Z06.json,ok,ok,,6070,1522,3,True,True,3,2.631764521098914e-06,9.185695246924014e-05,-0.054534449563995224,-0.054534449563995224,8.829152629653785e-07,grouped_train,,,True,,6070,8.829152629653786e-07,8.829152629653786e-07,8.829152629653785e-07,group_weighted,2.9963150241599545,8.783337198787215e-07,8.783337198787215e-07,raw_train_recomputed,
chronos,ganymede,14,per_well,49_22-Z07,/app/results/chronos/ganymede_h14_per_well_49_22-Z07.json,ok,ok,,5187,1301,3,True,True,3,0.6313230851146772,1.715484622366039,0.07162029083870303,-0.27877839643602376,0.8616532126388698,grouped_train,,,True,,5187,0.8616532126388698,0.8616532126388698,0.8616532126388698,group_weighted,0.7173778028583662,0.8800426812750449,0.8800426812750449,raw_train_recomputed,
deeponet,ganymede,14,per_well,49_22-Z07,/app/results/deeponet/ganymede_h14_per_well_49_22-Z07.json,ok,ok,,5187,1301,3,True,True,3,2.6773480554371565,3.4376537202595023,-2.7280028792259126,-3.1304594311927456,1.228637773895968,grouped_train,,,True,,5187,1.228637773895968,1.228637773895968,1.228637773895968,group_weighted,0.7173778028583662,3.7321311654324387,3.7321311654324387,raw_train_recomputed,
lstm,ganymede,14,per_well,49_22-Z07,/app/results/lstm/ganymede_h14_per_well_49_22-Z07.json,ok,ok,,5187,1301,3,True,True,3,1.37698782105549,1.8308675724236607,-0.05746462889550652,-0.128214750496902,0.6319011260817328,grouped_train,,,True,,5187,0.6319011260817328,0.6319011260817328,0.6319011260817328,group_weighted,0.7173778028583662,1.9194736937342238,1.9194736937342238,raw_train_recomputed,
patchtst,ganymede,14,per_well,49_22-Z07,/app/results/patchtst/ganymede_h14_per_well_49_22-Z07.json,ok,ok,,5187,1301,3,True,True,3,1.42105947218756,2.380716726164787,-0.7879996544866692,-1.7774047761677059,0.6521256520744824,grouped_train,,,True,,5187,0.6521256520744824,0.6521256520744824,0.6521256520744824,group_weighted,0.7173778028583662,1.980908060613807,1.980908060613807,raw_train_recomputed,
tcn,ganymede,14,per_well,49_22-Z07,/app/results/tcn/ganymede_h14_per_well_49_22-Z07.json,ok,ok,,5187,1301,3,True,True,3,1.3656071667890066,1.8678532723360555,-0.10062025091785753,-0.5301688745070938,0.626678532144028,grouped_train,,,True,,5187,0.626678532144028,0.626678532144028,0.626678532144028,group_weighted,0.7173778028583662,1.9036094528542613,1.9036094528542613,raw_train_recomputed,
timesfm,ganymede,14,per_well,49_22-Z07,/app/results/timesfm/ganymede_h14_per_well_49_22-Z07.json,ok,ok,,5187,1301,3,True,True,3,0.6626960186931717,1.508925288758021,0.2817304502816963,0.34620573783613384,0.9044721585085672,grouped_train,,,True,,5187,0.9044721585085672,0.9044721585085672,0.9044721585085672,group_weighted,0.7173778028583662,0.9237754723559652,0.9237754723559652,raw_train_recomputed,
tirex,ganymede,14,per_well,49_22-Z07,/app/results/tirex/ganymede_h14_per_well_49_22-Z07.json,ok,ok,,5187,1301,3,True,True,3,0.6116207088413174,1.570345383532534,0.2220667301255339,0.13629645556939562,0.8347626771700511,grouped_train,,,True,,5187,0.834762677170051,0.834762677170051,0.8347626771700511,group_weighted,0.7173778028583662,0.8525782459456323,0.8525782459456323,raw_train_recomputed,
chronos,ganymede,14,per_well,49_22-Z08,/app/results/chronos/ganymede_h14_per_well_49_22-Z08.json,ok,ok,,3268,821,3,True,True,3,3.254401037472423e-05,0.0023017863925609604,0.0,0.0,6.88662225584007e-05,grouped_train,,,True,,3268,6.88662225584007e-05,6.88662225584007e-05,6.88662225584007e-05,group_weighted,0.45320174423310977,7.18091022129536e-05,7.18091022129536e-05,raw_train_recomputed,
deeponet,ganymede,14,per_well,49_22-Z08,/app/results/deeponet/ganymede_h14_per_well_49_22-Z08.json,ok,ok,,3268,821,3,True,True,3,0.45540160201042656,0.4791541436550342,0.0,0.0,0.23489585893206505,grouped_train,,,True,,3268,0.23489585893206505,0.23489585893206505,0.23489585893206505,group_weighted,0.45320174423310977,1.0048540364314777,1.0048540364314777,raw_train_recomputed,
lstm,ganymede,14,per_well,49_22-Z08,/app/results/lstm/ganymede_h14_per_well_49_22-Z08.json,ok,ok,,3268,821,3,True,True,3,0.08053273380539076,0.0825663570611299,0.0,0.0,0.04153873327597892,grouped_train,,,True,,3268,0.04153873327597892,0.04153873327597892,0.04153873327597892,group_weighted,0.45320174423310977,0.17769731654864898,0.17769731654864898,raw_train_recomputed,
patchtst,ganymede,14,per_well,49_22-Z08,/app/results/patchtst/ganymede_h14_per_well_49_22-Z08.json,ok,ok,,3268,821,3,True,True,3,0.023606675011771067,0.024011990919041975,0.0,0.0,0.012176308073885794,grouped_train,,,True,,3268,0.012176308073885794,0.012176308073885794,0.012176308073885794,group_weighted,0.45320174423310977,0.05208866760148365,0.05208866760148365,raw_train_recomputed,
tcn,ganymede,14,per_well,49_22-Z08,/app/results/tcn/ganymede_h14_per_well_49_22-Z08.json,ok,ok,,3268,821,3,True,True,3,0.178688580499891,0.1879667939390391,0.0,0.0,0.0921674570589507,grouped_train,,,True,,3268,0.0921674570589507,0.0921674570589507,0.0921674570589507,group_weighted,0.45320174423310977,0.3942804342076415,0.3942804342076415,raw_train_recomputed,
timesfm,ganymede,14,per_well,49_22-Z08,/app/results/timesfm/ganymede_h14_per_well_49_22-Z08.json,ok,ok,,3268,821,3,True,True,3,0.0026112995359913577,0.0029543566052973877,0.0,0.0,0.005525758286750581,grouped_train,,,True,,3268,0.005525758286750582,0.005525758286750582,0.005525758286750581,group_weighted,0.45320174423310977,0.005761892069524349,0.005761892069524349,raw_train_recomputed,
tirex,ganymede,14,per_well,49_22-Z08,/app/results/tirex/ganymede_h14_per_well_49_22-Z08.json,ok,ok,,3268,821,3,True,True,3,4.319576080360786e-09,5.6072388646254675e-09,0.0,0.0,9.140633999401212e-09,grouped_train,,,True,,3268,9.140633999401212e-09,9.140633999401212e-09,9.140633999401212e-09,group_weighted,0.45320174423310977,9.531243282547828e-09,9.531243282547828e-09,raw_train_recomputed,
chronos,ganymede,30,multi_well,,/app/results/chronos/ganymede_h30_multi_well.json,ok,ok,,38607,9706,3,True,True,3,0.4178133734896017,1.429383001439104,0.1595162456655076,-0.5158947461578895,0.23811959426533705,grouped_train,,,True,,38607,,0.2395991369441246,0.23811959426533705,group_weighted,2.5700709186399457,0.16256881102359,0.16256881102359,raw_train_recomputed,
deeponet,ganymede,30,multi_well,,/app/results/deeponet/ganymede_h30_multi_well.json,ok,ok,,38607,9706,3,True,True,3,0.6467021615960963,1.353350462320781,0.24655310437502742,-0.20199121919447371,0.030138319792380044,grouped_train,,,True,,38607,,0.03210432801174819,0.030138319792380044,group_weighted,2.5700709186399457,0.25162813870456313,0.25162813870456313,raw_train_recomputed,
lstm,ganymede,30,multi_well,,/app/results/lstm/ganymede_h30_multi_well.json,ok,ok,,38607,9706,3,True,True,3,0.5640824454950348,1.4188853432762873,0.17181625599510297,-0.9705215103630216,0.022617058245852688,grouped_train,,,True,,38607,,0.02342923653731375,0.022617058245852688,group_weighted,2.5700709186399457,0.21948127633518427,0.21948127633518427,raw_train_recomputed,
patchtst,ganymede,30,multi_well,,/app/results/patchtst/ganymede_h30_multi_well.json,ok,ok,,38607,9706,3,True,True,3,1.0120000428620894,2.0551441820676493,-0.7374674948964866,-1.0916384107564348,0.04398006763181632,grouped_train,,,True,,38607,,0.04432551506314154,0.04398006763181632,group_weighted,2.5700709186399457,0.3937634699191994,0.3937634699191994,raw_train_recomputed,
tcn,ganymede,30,multi_well,,/app/results/tcn/ganymede_h30_multi_well.json,ok,ok,,38607,9706,3,True,True,3,0.5756117973462576,1.3562298621520377,0.2433436138238706,-0.47705923980188203,0.023655600603380504,grouped_train,,,True,,38607,,0.024479910109886944,0.023655600603380504,group_weighted,2.5700709186399457,0.22396728166974678,0.22396728166974678,raw_train_recomputed,
timesfm,ganymede,30,multi_well,,/app/results/timesfm/ganymede_h30_multi_well.json,ok,ok,,38607,9706,3,True,True,3,0.42713090841196205,1.334049013121411,0.2678911292821021,-0.2294907331758722,0.24238159479174604,grouped_train,,,True,,38607,,0.2432907871813937,0.24238159479174604,group_weighted,2.5700709186399457,0.16619421095118853,0.16619421095118853,raw_train_recomputed,
tirex,ganymede,30,multi_well,,/app/results/tirex/ganymede_h30_multi_well.json,ok,ok,,38607,9706,3,True,True,3,0.3974056108398775,1.3184600894369725,0.2849011605202688,-0.2737270579229456,0.2253985064321312,grouped_train,,,True,,38607,,0.22576619434837236,0.2253985064321312,group_weighted,2.5700709186399457,0.15462826646440572,0.15462826646440572,raw_train_recomputed,
chronos,ganymede,30,per_well,49_22-Z01Z,/app/results/chronos/ganymede_h30_per_well_49_22-Z01Z.json,ok,ok,,6042,1518,3,True,True,3,0.013359092436941503,0.0968320750919376,0.0,0.0,0.0038568899084111432,grouped_train,,,True,,6042,0.0038568899084111437,0.0038568899084111437,0.0038568899084111432,group_weighted,3.589922727032207,0.003721275763499645,0.003721275763499645,raw_train_recomputed,
deeponet,ganymede,30,per_well,49_22-Z01Z,/app/results/deeponet/ganymede_h30_per_well_49_22-Z01Z.json,ok,ok,,6042,1518,3,True,True,3,0.1395809809366862,0.1468700447493438,0.0,0.0,0.001833162039293866,grouped_train,,,True,,6042,0.0018331620392938663,0.0018331620392938663,0.001833162039293866,group_weighted,3.589922727032207,0.03888133298403276,0.03888133298403276,raw_train_recomputed,
lstm,ganymede,30,per_well,49_22-Z01Z,/app/results/lstm/ganymede_h30_per_well_49_22-Z01Z.json,ok,ok,,6042,1518,3,True,True,3,0.03602931747637562,0.04069389758885456,0.0,0.0,0.0004731846463331418,grouped_train,,,True,,6042,0.0004731846463331418,0.0004731846463331418,0.0004731846463331418,group_weighted,3.589922727032207,0.010036237606195243,0.010036237606195243,raw_train_recomputed,
patchtst,ganymede,30,per_well,49_22-Z01Z,/app/results/patchtst/ganymede_h30_per_well_49_22-Z01Z.json,ok,ok,,6042,1518,3,True,True,3,8.269764614105224,8.269774475009251,0.0,0.0,0.10860948578194808,grouped_train,,,True,,6042,0.10860948578194808,0.10860948578194808,0.10860948578194808,group_weighted,3.589922727032207,2.3036051867728773,2.3036051867728773,raw_train_recomputed,
tcn,ganymede,30,per_well,49_22-Z01Z,/app/results/tcn/ganymede_h30_per_well_49_22-Z01Z.json,ok,ok,,6042,1518,3,True,True,3,0.5497086125400227,0.5608657114931173,0.0,0.0,0.007219500496549482,grouped_train,,,True,,6042,0.007219500496549482,0.007219500496549482,0.007219500496549482,group_weighted,3.589922727032207,0.15312547214476324,0.15312547214476324,raw_train_recomputed,
timesfm,ganymede,30,per_well,49_22-Z01Z,/app/results/timesfm/ganymede_h30_per_well_49_22-Z01Z.json,ok,ok,,6042,1518,3,True,True,3,0.002457714565874388,0.0028753284991887736,0.0,0.0,0.0007095642575736381,grouped_train,,,True,,6042,0.0007095642575736382,0.0007095642575736382,0.0007095642575736381,group_weighted,3.589922727032207,0.0006846148936208951,0.0006846148936208951,raw_train_recomputed,
tirex,ganymede,30,per_well,49_22-Z01Z,/app/results/tirex/ganymede_h30_per_well_49_22-Z01Z.json,ok,ok,,6042,1518,3,True,True,3,4.2647015726421515e-09,5.264305067413958e-09,0.0,0.0,1.2312576273837391e-09,grouped_train,,,True,,6042,1.2312576273837391e-09,1.2312576273837391e-09,1.2312576273837391e-09,group_weighted,3.589922727032207,1.1879647270758345e-09,1.1879647270758345e-09,raw_train_recomputed,
chronos,ganymede,30,per_well,49_22-Z02Z,/app/results/chronos/ganymede_h30_per_well_49_22-Z02Z.json,ok,ok,,6042,1518,3,True,True,3,1.7019068019248935,3.1009101252769975,-0.12238313292515146,-1.5157261303782832,0.36451536143132335,grouped_train,,,True,,6042,0.36451536143132335,0.36451536143132335,0.36451536143132335,group_weighted,4.854240346550671,0.3506020881587035,0.3506020881587035,raw_train_recomputed,
deeponet,ganymede,30,per_well,49_22-Z02Z,/app/results/deeponet/ganymede_h30_per_well_49_22-Z02Z.json,ok,ok,,6042,1518,3,True,True,3,5.448066648266323,9.044644635702168,-8.548733855141549,-16.025312253576807,0.062222564969202455,grouped_train,,,True,,6042,0.062222564969202455,0.062222564969202455,0.062222564969202455,group_weighted,4.854240346550671,1.1223314585437891,1.1223314585437891,raw_train_recomputed,
lstm,ganymede,30,per_well,49_22-Z02Z,/app/results/lstm/ganymede_h30_per_well_49_22-Z02Z.json,ok,ok,,6042,1518,3,True,True,3,2.003644725341361,3.2396905455187213,-0.22509517529711132,-2.8334159828322636,0.022883698410228807,grouped_train,,,True,,6042,0.022883698410228807,0.022883698410228807,0.022883698410228807,group_weighted,4.854240346550671,0.412761746905489,0.412761746905489,raw_train_recomputed,
patchtst,ganymede,30,per_well,49_22-Z02Z,/app/results/patchtst/ganymede_h30_per_well_49_22-Z02Z.json,ok,ok,,6042,1518,3,True,True,3,3.3634161199662684,3.810663583608512,-0.6949777123603793,-0.8152604354610136,0.038413696372393114,grouped_train,,,True,,6042,0.038413696372393114,0.038413696372393114,0.038413696372393114,group_weighted,4.854240346550671,0.69288207419648,0.69288207419648,raw_train_recomputed,
tcn,ganymede,30,per_well,49_22-Z02Z,/app/results/tcn/ganymede_h30_per_well_49_22-Z02Z.json,ok,ok,,6042,1518,3,True,True,3,2.912751349389265,4.198092696033546,-1.0571540741119279,-3.092473717993034,0.03326663783274004,grouped_train,,,True,,6042,0.03326663783274004,0.03326663783274004,0.03326663783274004,group_weighted,4.854240346550671,0.6000426722708548,0.6000426722708548,raw_train_recomputed,
timesfm,ganymede,30,per_well,49_22-Z02Z,/app/results/timesfm/ganymede_h30_per_well_49_22-Z02Z.json,ok,ok,,6042,1518,3,True,True,3,1.772691432608502,2.945042600217622,-0.012385545513274199,-1.311270889756937,0.37967605366678275,grouped_train,,,True,,6042,0.37967605366678275,0.37967605366678275,0.37967605366678275,group_weighted,4.854240346550671,0.3651841083369805,0.3651841083369805,raw_train_recomputed,
tirex,ganymede,30,per_well,49_22-Z02Z,/app/results/tirex/ganymede_h30_per_well_49_22-Z02Z.json,ok,ok,,6042,1518,3,True,True,3,1.650364572506232,2.8771780511674168,0.033734996368331216,-1.279356755216885,0.3534760175822536,grouped_train,,,True,,6042,0.35347601758225355,0.35347601758225355,0.3534760175822536,group_weighted,4.854240346550671,0.3399841076429083,0.3399841076429083,raw_train_recomputed,
chronos,ganymede,30,per_well,49_22-Z04,/app/results/chronos/ganymede_h30_per_well_49_22-Z04.json,ok,ok,,6042,1518,3,True,True,3,0.3108242889579275,0.7291920069714939,0.10503418051309366,-1.645884937564062,0.28148885778578286,grouped_train,,,True,,6042,0.28148885778578286,0.28148885778578286,0.28148885778578286,group_weighted,1.213500666469967,0.2561385399664468,0.2561385399664468,raw_train_recomputed,
deeponet,ganymede,30,per_well,49_22-Z04,/app/results/deeponet/ganymede_h30_per_well_49_22-Z04.json,ok,ok,,6042,1518,3,True,True,3,3.1537774288136027,4.079950548198093,-27.017697861526063,-38.567968131179846,0.8764870708205222,grouped_train,,,True,,6042,0.8764870708205222,0.8764870708205222,0.8764870708205222,group_weighted,1.213500666469967,2.5989086911569945,2.5989086911569945,raw_train_recomputed,
lstm,ganymede,30,per_well,49_22-Z04,/app/results/lstm/ganymede_h30_per_well_49_22-Z04.json,ok,ok,,6042,1518,3,True,True,3,2.055579492864663,2.476792084490112,-9.325277948906987,-6.769219546187939,0.571279644555465,grouped_train,,,True,,6042,0.571279644555465,0.571279644555465,0.571279644555465,group_weighted,1.213500666469967,1.693925310188972,1.693925310188972,raw_train_recomputed,
patchtst,ganymede,30,per_well,49_22-Z04,/app/results/patchtst/ganymede_h30_per_well_49_22-Z04.json,ok,ok,,6042,1518,3,True,True,3,1.0314368230656779,1.1419605295298825,-1.1949510322074666,-1.3534355352933471,0.28665340538166834,grouped_train,,,True,,6042,0.28665340538166834,0.28665340538166834,0.28665340538166834,group_weighted,1.213500666469967,0.8499680730016351,0.8499680730016351,raw_train_recomputed,
tcn,ganymede,30,per_well,49_22-Z04,/app/results/tcn/ganymede_h30_per_well_49_22-Z04.json,ok,ok,,6042,1518,3,True,True,3,3.9639496230377564,4.832069714474917,-38.29968162779245,-55.9357880035482,1.1016473649135945,grouped_train,,,True,,6042,1.1016473649135945,1.1016473649135945,1.1016473649135945,group_weighted,1.213500666469967,3.266540952605122,3.266540952605122,raw_train_recomputed,
timesfm,ganymede,30,per_well,49_22-Z04,/app/results/timesfm/ganymede_h30_per_well_49_22-Z04.json,ok,ok,,6042,1518,3,True,True,3,0.30325181318186323,0.631795717987481,0.3281442995442412,-0.8872682591194183,0.27463106824828837,grouped_train,,,True,,6042,0.27463106824828837,0.27463106824828837,0.27463106824828837,group_weighted,1.213500666469967,0.2498983490993974,0.2498983490993974,raw_train_recomputed,
tirex,ganymede,30,per_well,49_22-Z04,/app/results/tirex/ganymede_h30_per_well_49_22-Z04.json,ok,ok,,6042,1518,3,True,True,3,0.2943307837803609,0.6582095046500964,0.2707927991045853,-1.1086164437061576,0.26655200085969644,grouped_train,,,True,,6042,0.26655200085969644,0.26655200085969644,0.26655200085969644,group_weighted,1.213500666469967,0.24254686619708202,0.24254686619708202,raw_train_recomputed,
chronos,ganymede,30,per_well,49_22-Z05Z,/app/results/chronos/ganymede_h30_per_well_49_22-Z05Z.json,ok,ok,,6042,1518,3,True,True,3,0.013359092436941503,0.0968320750919376,0.0,0.0,0.0051544753708514385,grouped_train,,,True,,6042,0.0051544753708514385,0.0051544753708514385,0.0051544753708514385,group_weighted,2.6521701824230406,0.005037041938514121,0.005037041938514121,raw_train_recomputed,
deeponet,ganymede,30,per_well,49_22-Z05Z,/app/results/deeponet/ganymede_h30_per_well_49_22-Z05Z.json,ok,ok,,6042,1518,3,True,True,3,0.1920236587524414,0.2640257730588167,0.0,0.0,0.0034384401434681836,grouped_train,,,True,,6042,0.0034384401434681836,0.0034384401434681836,0.0034384401434681836,group_weighted,2.6521701824230406,0.07240246497945592,0.07240246497945592,raw_train_recomputed,
lstm,ganymede,30,per_well,49_22-Z05Z,/app/results/lstm/ganymede_h30_per_well_49_22-Z05Z.json,ok,ok,,6042,1518,3,True,True,3,0.03996829986572266,0.05008390202335049,0.0,0.0,0.0007156858046416508,grouped_train,,,True,,6042,0.0007156858046416508,0.0007156858046416508,0.0007156858046416508,group_weighted,2.6521701824230406,0.015070035901394288,0.015070035901394288,raw_train_recomputed,
patchtst,ganymede,30,per_well,49_22-Z05Z,/app/results/patchtst/ganymede_h30_per_well_49_22-Z05Z.json,ok,ok,,6042,1518,3,True,True,3,9.77065486907959,9.770658895131263,0.0,0.0,0.17495662851174057,grouped_train,,,True,,6042,0.17495662851174057,0.17495662851174057,0.17495662851174057,group_weighted,2.6521701824230406,3.684022591699999,3.684022591699999,raw_train_recomputed,
tcn,ganymede,30,per_well,49_22-Z05Z,/app/results/tcn/ganymede_h30_per_well_49_22-Z05Z.json,ok,ok,,6042,1518,3,True,True,3,0.40512530008951825,0.42921756071584954,0.0,0.0,0.007254309724190084,grouped_train,,,True,,6042,0.007254309724190084,0.007254309724190084,0.007254309724190084,group_weighted,2.6521701824230406,0.1527523771945106,0.1527523771945106,raw_train_recomputed,
timesfm,ganymede,30,per_well,49_22-Z05Z,/app/results/timesfm/ganymede_h30_per_well_49_22-Z05Z.json,ok,ok,,6042,1518,3,True,True,3,0.002457621181383729,0.0028750969056372303,0.0,0.0,0.0009482491351954042,grouped_train,,,True,,6042,0.0009482491351954043,0.0009482491351954043,0.0009482491351954042,group_weighted,2.6521701824230406,0.0009266453554418705,0.0009266453554418705,raw_train_recomputed,
tirex,ganymede,30,per_well,49_22-Z05Z,/app/results/tirex/ganymede_h30_per_well_49_22-Z05Z.json,ok,ok,,6042,1518,3,True,True,3,4.242461476430294e-09,5.2332876016479625e-09,0.0,0.0,1.6369123348211876e-09,grouped_train,,,True,,6042,1.6369123348211874e-09,1.6369123348211874e-09,1.6369123348211876e-09,group_weighted,2.6521701824230406,1.5996188723283032e-09,1.5996188723283032e-09,raw_train_recomputed,
chronos,ganymede,30,per_well,49_22-Z06,/app/results/chronos/ganymede_h30_per_well_49_22-Z06.json,ok,ok,,6042,1518,3,True,True,3,0.01275695152183338,0.09493809185568246,-1123505.4632625973,-1123505.4632625973,0.00425999027825235,grouped_train,,,True,,6042,0.00425999027825235,0.00425999027825235,0.00425999027825235,group_weighted,3.1298513151605993,0.004075896979527538,0.004075896979527538,raw_train_recomputed,
deeponet,ganymede,30,per_well,49_22-Z06,/app/results/deeponet/ganymede_h30_per_well_49_22-Z06.json,ok,ok,,6042,1518,3,True,True,3,0.08976690169222584,0.12810275068290367,-2046031.5028603722,-2046031.5028603722,0.0012716239265823485,grouped_train,,,True,,6042,0.0012716239265823485,0.0012716239265823485,0.0012716239265823485,group_weighted,3.1298513151605993,0.028680883739558634,0.028680883739558634,raw_train_recomputed,
lstm,ganymede,30,per_well,49_22-Z06,/app/results/lstm/ganymede_h30_per_well_49_22-Z06.json,ok,ok,,6042,1518,3,True,True,3,0.20984239557305606,0.25160753628581933,-7893013.6427336885,-7893013.6427336885,0.0029725946422540436,grouped_train,,,True,,6042,0.0029725946422540436,0.0029725946422540436,0.0029725946422540436,group_weighted,3.1298513151605993,0.06704548377637184,0.06704548377637184,raw_train_recomputed,
patchtst,ganymede,30,per_well,49_22-Z06,/app/results/patchtst/ganymede_h30_per_well_49_22-Z06.json,ok,ok,,6042,1518,3,True,True,3,0.1413596242051089,0.16636218622394672,-3450680.34505927,-3450680.34505927,0.0020024783857219095,grouped_train,,,True,,6042,0.0020024783857219095,0.0020024783857219095,0.0020024783857219095,group_weighted,3.1298513151605993,0.045164964712662535,0.045164964712662535,raw_train_recomputed,
tcn,ganymede,30,per_well,49_22-Z06,/app/results/tcn/ganymede_h30_per_well_49_22-Z06.json,ok,ok,,6042,1518,3,True,True,3,0.15819952269107249,0.17786528004281826,-3944372.0158540155,-3944372.0158540155,0.0022410297608087886,grouped_train,,,True,,6042,0.0022410297608087886,0.0022410297608087886,0.0022410297608087886,group_weighted,3.1298513151605993,0.050545379559972785,0.050545379559972785,raw_train_recomputed,
timesfm,ganymede,30,per_well,49_22-Z06,/app/results/timesfm/ganymede_h30_per_well_49_22-Z06.json,ok,ok,,6042,1518,3,True,True,3,0.002416525700489762,0.0028517469455202928,-1012.7165758245767,-1012.7165758245767,0.0008069620687681246,grouped_train,,,True,,6042,0.0008069620687681245,0.0008069620687681245,0.0008069620687681246,group_weighted,3.1298513151605993,0.000772089616137489,0.000772089616137489,raw_train_recomputed,
tirex,ganymede,30,per_well,49_22-Z06,/app/results/tirex/ganymede_h30_per_well_49_22-Z06.json,ok,ok,,6042,1518,3,True,True,3,2.4941749148175774e-06,9.071376134745316e-05,-0.025748587421608127,-0.025748587421608127,8.328918449834131e-07,grouped_train,,,True,,6042,8.328918449834131e-07,8.328918449834131e-07,8.328918449834131e-07,group_weighted,3.1298513151605993,7.968988503498914e-07,7.968988503498914e-07,raw_train_recomputed,
chronos,ganymede,30,per_well,49_22-Z07,/app/results/chronos/ganymede_h30_per_well_49_22-Z07.json,ok,ok,,5158,1298,3,True,True,3,0.729364319525955,1.8454784168295992,-0.04064513110370371,-0.4902064899413341,1.0044054603285077,grouped_train,,,True,,5158,1.0044054603285077,1.0044054603285077,1.0044054603285077,group_weighted,0.8230525619445914,0.8861697943114555,0.8861697943114555,raw_train_recomputed,
deeponet,ganymede,30,per_well,49_22-Z07,/app/results/deeponet/ganymede_h30_per_well_49_22-Z07.json,ok,ok,,5158,1298,3,True,True,3,2.450001378753091,3.502552925061462,-2.7484707658363905,-4.3407510773248354,1.1376140602140874,grouped_train,,,True,,5158,1.1376140602140874,1.1376140602140874,1.1376140602140874,group_weighted,0.8230525619445914,2.9767252931751726,2.9767252931751726,raw_train_recomputed,
lstm,ganymede,30,per_well,49_22-Z07,/app/results/lstm/ganymede_h30_per_well_49_22-Z07.json,ok,ok,,5158,1298,3,True,True,3,1.4343916318174137,1.8586719280939983,-0.055577671056592726,-0.05697370020389614,0.6660339469030838,grouped_train,,,True,,5158,0.6660339469030838,0.6660339469030838,0.6660339469030838,group_weighted,0.8230525619445914,1.7427703868978153,1.7427703868978153,raw_train_recomputed,
patchtst,ganymede,30,per_well,49_22-Z07,/app/results/patchtst/ganymede_h30_per_well_49_22-Z07.json,ok,ok,,5158,1298,3,True,True,3,1.6974297694169256,2.894702216616927,-1.5603097068773129,-2.6479292397452334,0.7881709735597897,grouped_train,,,True,,5158,0.7881709735597897,0.7881709735597897,0.7881709735597897,group_weighted,0.8230525619445914,2.0623588916441498,2.0623588916441498,raw_train_recomputed,
tcn,ganymede,30,per_well,49_22-Z07,/app/results/tcn/ganymede_h30_per_well_49_22-Z07.json,ok,ok,,5158,1298,3,True,True,3,1.4100974102202721,1.896551175003034,-0.09904088079241302,-0.5663059184593129,0.654753362201972,grouped_train,,,True,,5158,0.654753362201972,0.654753362201972,0.654753362201972,group_weighted,0.8230525619445914,1.713253169261383,1.713253169261383,raw_train_recomputed,
timesfm,ganymede,30,per_well,49_22-Z07,/app/results/timesfm/ganymede_h30_per_well_49_22-Z07.json,ok,ok,,5158,1298,3,True,True,3,0.7560171841034476,1.6424710349612175,0.17570976536756167,0.2975468842734783,1.0411090417875364,grouped_train,,,True,,5158,1.0411090417875364,1.0411090417875364,1.0411090417875364,group_weighted,0.8230525619445914,0.9185527377707663,0.9185527377707663,raw_train_recomputed,
tirex,ganymede,30,per_well,49_22-Z07,/app/results/tirex/ganymede_h30_per_well_49_22-Z07.json,ok,ok,,5158,1298,3,True,True,3,0.6973518171193404,1.6765019412137945,0.14119841548247658,0.06423812155973152,0.9603211373705636,grouped_train,,,True,,5158,0.9603211373705637,0.9603211373705637,0.9603211373705636,group_weighted,0.8230525619445914,0.8472749486032055,0.8472749486032055,raw_train_recomputed,
chronos,ganymede,30,per_well,49_22-Z08,/app/results/chronos/ganymede_h30_per_well_49_22-Z08.json,ok,ok,,3239,818,3,True,True,3,0.014350873284279456,0.10058694396883913,0.0,0.0,0.030097753089516115,grouped_train,,,True,,3239,0.030097753089516118,0.030097753089516118,0.030097753089516115,group_weighted,0.5037700112712353,0.028486954291038154,0.028486954291038154,raw_train_recomputed,
deeponet,ganymede,30,per_well,49_22-Z08,/app/results/deeponet/ganymede_h30_per_well_49_22-Z08.json,ok,ok,,3239,818,3,True,True,3,0.3817410799965396,0.4678281196034979,0.0,0.0,0.20387269510440467,grouped_train,,,True,,3239,0.20387269510440467,0.20387269510440467,0.20387269510440467,group_weighted,0.5037700112712353,0.7577685679090691,0.7577685679090691,raw_train_recomputed,
lstm,ganymede,30,per_well,49_22-Z08,/app/results/lstm/ganymede_h30_per_well_49_22-Z08.json,ok,ok,,3239,818,3,True,True,3,0.04286359856550346,0.049083723125231724,0.0,0.0,0.022891739504435044,grouped_train,,,True,,3239,0.022891739504435044,0.022891739504435044,0.022891739504435044,group_weighted,0.5037700112712353,0.08508564941636676,0.08508564941636676,raw_train_recomputed,
patchtst,ganymede,30,per_well,49_22-Z08,/app/results/patchtst/ganymede_h30_per_well_49_22-Z08.json,ok,ok,,3239,818,3,True,True,3,0.10756636963885494,0.10777404966918787,0.0,0.0,0.05744691056322457,grouped_train,,,True,,3239,0.05744691056322456,0.05744691056322456,0.05744691056322457,group_weighted,0.5037700112712353,0.21352277275778533,0.21352277275778533,raw_train_recomputed,
tcn,ganymede,30,per_well,49_22-Z08,/app/results/tcn/ganymede_h30_per_well_49_22-Z08.json,ok,ok,,3239,818,3,True,True,3,0.1869854408060523,0.20528813514436947,0.0,0.0,0.09986147092883105,grouped_train,,,True,,3239,0.09986147092883106,0.09986147092883106,0.09986147092883105,group_weighted,0.5037700112712353,0.37117223459611076,0.37117223459611076,raw_train_recomputed,
timesfm,ganymede,30,per_well,49_22-Z08,/app/results/timesfm/ganymede_h30_per_well_49_22-Z08.json,ok,ok,,3239,818,3,True,True,3,0.002457714565874388,0.0028753284991887736,0.0,0.0,0.005154507652800912,grouped_train,,,True,,3239,0.005154507652800912,0.005154507652800912,0.005154507652800912,group_weighted,0.5037700112712353,0.0048786440456677505,0.0048786440456677505,raw_train_recomputed,
tirex,ganymede,30,per_well,49_22-Z08,/app/results/tirex/ganymede_h30_per_well_49_22-Z08.json,ok,ok,,3239,818,3,True,True,3,4.242257711521592e-09,5.2324861596734624e-09,0.0,0.0,8.897188527428587e-09,grouped_train,,,True,,3239,8.897188527428587e-09,8.897188527428587e-09,8.897188527428587e-09,group_weighted,0.5037700112712353,8.421020736856673e-09,8.421020736856673e-09,raw_train_recomputed,
chronos,ganymede,90,multi_well,,/app/results/chronos/ganymede_h90_multi_well.json,ok,ok,,37851,9622,3,True,True,3,1.108774175930614,1.9023707919794033,-0.4983932698684088,-0.5575562304470205,0.6896514609388865,grouped_train,,,True,,37851,,0.7966958937576237,0.6896514609388865,group_weighted,2.529863691487797,0.4382742752747089,0.4382742752747089,raw_train_recomputed,
deeponet,ganymede,90,multi_well,,/app/results/deeponet/ganymede_h90_multi_well.json,ok,ok,,37851,9622,3,True,True,3,0.6560078340809148,1.4393627309978791,0.14221987136623448,-0.625371361598412,0.030439563720317312,grouped_train,,,True,,37851,,0.03291317811095894,0.030439563720317312,group_weighted,2.529863691487797,0.2593056046016142,0.2593056046016142,raw_train_recomputed,
lstm,ganymede,90,multi_well,,/app/results/lstm/ganymede_h90_multi_well.json,ok,ok,,37851,9622,3,True,True,3,0.5579288160226348,1.3994762597276642,0.18910140950679222,-0.8984260810573583,0.02421798117810973,grouped_train,,,True,,37851,,0.026084395640904947,0.02421798117810973,group_weighted,2.529863691487797,0.2205371055760401,0.2205371055760401,raw_train_recomputed,
patchtst,ganymede,90,multi_well,,/app/results/patchtst/ganymede_h90_multi_well.json,ok,ok,,37851,9622,3,True,True,3,1.168851895545872,2.4944900042646423,-1.576315285780951,-2.7388126745477455,0.051777362703116406,grouped_train,,,True,,37851,,0.053165205158366,0.051777362703116406,group_weighted,2.529863691487797,0.46202168894659995,0.46202168894659995,raw_train_recomputed,
tcn,ganymede,90,multi_well,,/app/results/tcn/ganymede_h90_multi_well.json,ok,ok,,37851,9622,3,True,True,3,0.6588732261068978,1.43621427324415,0.14596837854135936,-0.7393089911259665,0.030124481411605553,grouped_train,,,True,,37851,,0.0323583317765111,0.030124481411605553,group_weighted,2.529863691487797,0.26043823164220303,0.26043823164220303,raw_train_recomputed,
timesfm,ganymede,90,multi_well,,/app/results/timesfm/ganymede_h90_multi_well.json,ok,ok,,37851,9622,3,True,True,3,0.4707127110815776,1.4220969070265526,0.16267538460130604,-0.4340819483858813,0.2844525161342123,grouped_train,,,True,,37851,,0.2868219496238919,0.2844525161342123,group_weighted,2.529863691487797,0.18606247943925958,0.18606247943925958,raw_train_recomputed,
tirex,ganymede,90,multi_well,,/app/results/tirex/ganymede_h90_multi_well.json,ok,ok,,37851,9622,3,True,True,3,0.43512111126251496,1.3764971192978486,0.21551239039205616,-0.42686288478861645,0.2513226611030394,grouped_train,,,True,,37851,,0.2519610809948861,0.2513226611030394,group_weighted,2.529863691487797,0.1719938954523763,0.1719938954523763,raw_train_recomputed,
chronos,ganymede,90,per_well,49_22-Z01Z,/app/results/chronos/ganymede_h90_per_well_49_22-Z01Z.json,ok,ok,,5934,1506,3,True,True,3,1.0267524213173662,1.5232443190785527,0.0,0.0,0.2911277983603876,grouped_train,,,True,,5934,0.2911277983603876,0.2911277983603876,0.2911277983603876,group_weighted,3.500621360456024,0.29330576363266314,0.29330576363266314,raw_train_recomputed,
deeponet,ganymede,90,per_well,49_22-Z01Z,/app/results/deeponet/ganymede_h90_per_well_49_22-Z01Z.json,ok,ok,,5934,1506,3,True,True,3,0.22972056645110098,0.2519153794069826,0.0,0.0,0.0031018377893926824,grouped_train,,,True,,5934,0.0031018377893926824,0.0031018377893926824,0.0031018377893926824,group_weighted,3.500621360456024,0.0656227974399309,0.0656227974399309,raw_train_recomputed,
lstm,ganymede,90,per_well,49_22-Z01Z,/app/results/lstm/ganymede_h90_per_well_49_22-Z01Z.json,ok,ok,,5934,1506,3,True,True,3,0.029328894323174783,0.034771389192329125,0.0,0.0,0.00039601797147793887,grouped_train,,,True,,5934,0.0003960179714779388,0.0003960179714779388,0.00039601797147793887,group_weighted,3.500621360456024,0.008378196698015384,0.008378196698015384,raw_train_recomputed,
patchtst,ganymede,90,per_well,49_22-Z01Z,/app/results/patchtst/ganymede_h90_per_well_49_22-Z01Z.json,ok,ok,,5934,1506,3,True,True,3,7.852423434787326,7.852425855224569,0.0,0.0,0.10602857255935204,grouped_train,,,True,,5934,0.10602857255935204,0.10602857255935204,0.10602857255935204,group_weighted,3.500621360456024,2.2431513226453017,2.2431513226453017,raw_train_recomputed,
tcn,ganymede,90,per_well,49_22-Z01Z,/app/results/tcn/ganymede_h90_per_well_49_22-Z01Z.json,ok,ok,,5934,1506,3,True,True,3,0.47165078673546373,0.5735700258965084,0.0,0.0,0.006368538334613003,grouped_train,,,True,,5934,0.006368538334613003,0.006368538334613003,0.006368538334613003,group_weighted,3.500621360456024,0.13473344819961394,0.13473344819961394,raw_train_recomputed,
timesfm,ganymede,90,per_well,49_22-Z01Z,/app/results/timesfm/ganymede_h90_per_well_49_22-Z01Z.json,ok,ok,,5934,1506,3,True,True,3,0.0031217002969545623,0.0038887983621497036,0.0,0.0,0.0008851342502093192,grouped_train,,,True,,5934,0.0008851342502093192,0.0008851342502093192,0.0008851342502093192,group_weighted,3.500621360456024,0.0008917560557157488,0.0008917560557157488,raw_train_recomputed,
tirex,ganymede,90,per_well,49_22-Z01Z,/app/results/tirex/ganymede_h90_per_well_49_22-Z01Z.json,ok,ok,,5934,1506,3,True,True,3,2.909024163662568e-07,5.109245982360684e-07,0.0,0.0,8.248315587682239e-08,grouped_train,,,True,,5934,8.248315587682239e-08,8.248315587682239e-08,8.248315587682239e-08,group_weighted,3.500621360456024,8.31002231924795e-08,8.31002231924795e-08,raw_train_recomputed,
chronos,ganymede,90,per_well,49_22-Z02Z,/app/results/chronos/ganymede_h90_per_well_49_22-Z02Z.json,ok,ok,,5934,1506,3,True,True,3,1.990585315844934,3.195935377137651,-0.2134899583303278,-1.5825009880463616,0.41871499099062914,grouped_train,,,True,,5934,0.41871499099062914,0.41871499099062914,0.41871499099062914,group_weighted,4.85136030749462,0.41031487864749605,0.41031487864749605,raw_train_recomputed,
deeponet,ganymede,90,per_well,49_22-Z02Z,/app/results/deeponet/ganymede_h90_per_well_49_22-Z02Z.json,ok,ok,,5934,1506,3,True,True,3,5.91283131777862,10.358745017365228,-11.748365100563142,-22.046407192459718,0.0684787945443109,grouped_train,,,True,,5934,0.0684787945443109,0.0684787945443109,0.0684787945443109,group_weighted,4.85136030749462,1.2187986344044963,1.2187986344044963,raw_train_recomputed,
lstm,ganymede,90,per_well,49_22-Z02Z,/app/results/lstm/ganymede_h90_per_well_49_22-Z02Z.json,ok,ok,,5934,1506,3,True,True,3,2.4531449838322805,3.7675819900705254,-0.6864195619289926,-2.9183624483001274,0.02841082424085943,grouped_train,,,True,,5934,0.028410824240859427,0.028410824240859427,0.02841082424085943,group_weighted,4.85136030749462,0.5056612637165996,0.5056612637165996,raw_train_recomputed,
patchtst,ganymede,90,per_well,49_22-Z02Z,/app/results/patchtst/ganymede_h90_per_well_49_22-Z02Z.json,ok,ok,,5934,1506,3,True,True,3,3.2580415344702662,3.7131927690527173,-0.6380803435044544,-1.056185433890262,0.037732643612711635,grouped_train,,,True,,5934,0.037732643612711635,0.037732643612711635,0.037732643612711635,group_weighted,4.85136030749462,0.6715727812335611,0.6715727812335611,raw_train_recomputed,
tcn,ganymede,90,per_well,49_22-Z02Z,/app/results/tcn/ganymede_h90_per_well_49_22-Z02Z.json,ok,ok,,5934,1506,3,True,True,3,2.4988335752972675,3.5296461012160387,-0.48013910650538705,-1.6388331914872771,0.028939961552546713,grouped_train,,,True,,5934,0.028939961552546717,0.028939961552546717,0.028939961552546713,group_weighted,4.85136030749462,0.5150789504207607,0.5150789504207607,raw_train_recomputed,
timesfm,ganymede,90,per_well,49_22-Z02Z,/app/results/timesfm/ganymede_h90_per_well_49_22-Z02Z.json,ok,ok,,5934,1506,3,True,True,3,1.8809462869185434,3.093905831861406,-0.137245928742171,-1.7081497085867805,0.39565267628162665,grouped_train,,,True,,5934,0.39565267628162665,0.39565267628162665,0.39565267628162665,group_weighted,4.85136030749462,0.3877152319552034,0.3877152319552034,raw_train_recomputed,
tirex,ganymede,90,per_well,49_22-Z02Z,/app/results/tirex/ganymede_h90_per_well_49_22-Z02Z.json,ok,ok,,5934,1506,3,True,True,3,1.8024932134967173,3.0306189195684423,-0.09119626003901438,-1.7120701493290005,0.37915025477297426,grouped_train,,,True,,5934,0.37915025477297426,0.37915025477297426,0.37915025477297426,group_weighted,4.85136030749462,0.37154387620151347,0.37154387620151347,raw_train_recomputed,
chronos,ganymede,90,per_well,49_22-Z04,/app/results/chronos/ganymede_h90_per_well_49_22-Z04.json,ok,ok,,5934,1506,3,True,True,3,0.6670883211663055,1.1389767921043572,-1.1710883500485267,-1.9170609363485793,0.6007429072211912,grouped_train,,,True,,5934,0.6007429072211912,0.6007429072211912,0.6007429072211912,group_weighted,1.170239683151289,0.5700441804963676,0.5700441804963676,raw_train_recomputed,
deeponet,ganymede,90,per_well,49_22-Z04,/app/results/deeponet/ganymede_h90_per_well_49_22-Z04.json,ok,ok,,5934,1506,3,True,True,3,3.5185918171021973,4.641439790490439,-35.05397782177216,-35.97285088123517,0.986972114204317,grouped_train,,,True,,5934,0.986972114204317,0.986972114204317,0.986972114204317,group_weighted,1.170239683151289,3.006727483063239,3.006727483063239,raw_train_recomputed,
lstm,ganymede,90,per_well,49_22-Z04,/app/results/lstm/ganymede_h90_per_well_49_22-Z04.json,ok,ok,,5934,1506,3,True,True,3,2.0165830020903135,2.302496001022058,-7.872489912305456,-2.8303427508220356,0.5656556067025482,grouped_train,,,True,,5934,0.5656556067025482,0.5656556067025482,0.5656556067025482,group_weighted,1.170239683151289,1.723222200652043,1.723222200652043,raw_train_recomputed,
patchtst,ganymede,90,per_well,49_22-Z04,/app/results/patchtst/ganymede_h90_per_well_49_22-Z04.json,ok,ok,,5934,1506,3,True,True,3,1.130649394239316,1.2674780862965087,-1.688615289236246,-1.3366444487386642,0.31714943962304915,grouped_train,,,True,,5934,0.31714943962304915,0.31714943962304915,0.31714943962304915,group_weighted,1.170239683151289,0.9661690767438669,0.9661690767438669,raw_train_recomputed,
tcn,ganymede,90,per_well,49_22-Z04,/app/results/tcn/ganymede_h90_per_well_49_22-Z04.json,ok,ok,,5934,1506,3,True,True,3,3.852426806712759,4.65157706622247,-35.21163934908297,-40.32158244239845,1.0806135033219288,grouped_train,,,True,,5934,1.0806135033219288,1.0806135033219288,1.0806135033219288,group_weighted,1.170239683151289,3.2919980942183757,3.2919980942183757,raw_train_recomputed,
timesfm,ganymede,90,per_well,49_22-Z04,/app/results/timesfm/ganymede_h90_per_well_49_22-Z04.json,ok,ok,,5934,1506,3,True,True,3,0.35508067735509735,0.6880301085985996,0.20774929501198136,-1.0741450574008735,0.3197660514269326,grouped_train,,,True,,5934,0.3197660514269326,0.3197660514269326,0.3197660514269326,group_weighted,1.170239683151289,0.30342559944550473,0.30342559944550473,raw_train_recomputed,
tirex,ganymede,90,per_well,49_22-Z04,/app/results/tirex/ganymede_h90_per_well_49_22-Z04.json,ok,ok,,5934,1506,3,True,True,3,0.33646838311124294,0.6860184209488565,0.212375345501582,-1.2137713885831976,0.3030048469516981,grouped_train,,,True,,5934,0.3030048469516981,0.3030048469516981,0.3030048469516981,group_weighted,1.170239683151289,0.28752091383978834,0.28752091383978834,raw_train_recomputed,
chronos,ganymede,90,per_well,49_22-Z05Z,/app/results/chronos/ganymede_h90_per_well_49_22-Z05Z.json,ok,ok,,5934,1506,3,True,True,3,1.0267524213173662,1.5232443190785527,0.0,0.0,0.389072828640059,grouped_train,,,True,,5934,0.389072828640059,0.389072828640059,0.389072828640059,group_weighted,2.6242917877896006,0.39124933671426204,0.39124933671426204,raw_train_recomputed,
deeponet,ganymede,90,per_well,49_22-Z05Z,/app/results/deeponet/ganymede_h90_per_well_49_22-Z05Z.json,ok,ok,,5934,1506,3,True,True,3,0.08932153913709852,0.1105423350753563,0.0,0.0,0.0016729770666702106,grouped_train,,,True,,5934,0.0016729770666702106,0.0016729770666702106,0.0016729770666702106,group_weighted,2.6242917877896006,0.03403643586917316,0.03403643586917316,raw_train_recomputed,
lstm,ganymede,90,per_well,49_22-Z05Z,/app/results/lstm/ganymede_h90_per_well_49_22-Z05Z.json,ok,ok,,5934,1506,3,True,True,3,0.029587430645797885,0.037597432769385764,0.0,0.0,0.0005541674875993762,grouped_train,,,True,,5934,0.0005541674875993762,0.0005541674875993762,0.0005541674875993762,group_weighted,2.6242917877896006,0.011274443940823711,0.011274443940823711,raw_train_recomputed,
patchtst,ganymede,90,per_well,49_22-Z05Z,/app/results/patchtst/ganymede_h90_per_well_49_22-Z05Z.json,ok,ok,,5934,1506,3,True,True,3,9.196329508887397,9.19633203393394,0.0,0.0,0.1722456701322232,grouped_train,,,True,,5934,0.1722456701322232,0.1722456701322232,0.1722456701322232,group_weighted,2.6242917877896006,3.5043090679460303,3.5043090679460303,raw_train_recomputed,
tcn,ganymede,90,per_well,49_22-Z05Z,/app/results/tcn/ganymede_h90_per_well_49_22-Z05Z.json,ok,ok,,5934,1506,3,True,True,3,0.21213588236144146,0.2567390700238208,0.0,0.0,0.003973268593858554,grouped_train,,,True,,5934,0.003973268593858554,0.003973268593858554,0.003973268593858554,group_weighted,2.6242917877896006,0.08083547848927278,0.08083547848927278,raw_train_recomputed,
timesfm,ganymede,90,per_well,49_22-Z05Z,/app/results/timesfm/ganymede_h90_per_well_49_22-Z05Z.json,ok,ok,,5934,1506,3,True,True,3,0.0031217065879092032,0.003888946178092909,0.0,0.0,0.0011829251016362786,grouped_train,,,True,,5934,0.0011829251016362786,0.0011829251016362786,0.0011829251016362786,group_weighted,2.6242917877896006,0.0011895424900668409,0.0011895424900668409,raw_train_recomputed,
tirex,ganymede,90,per_well,49_22-Z05Z,/app/results/tirex/ganymede_h90_per_well_49_22-Z05Z.json,ok,ok,,5934,1506,3,True,True,3,2.8957978658372703e-07,5.080748395717508e-07,0.0,0.0,1.097320292057924e-07,grouped_train,,,True,,5934,1.0973202920579239e-07,1.0973202920579239e-07,1.097320292057924e-07,group_weighted,2.6242917877896006,1.1034587995553478e-07,1.1034587995553478e-07,raw_train_recomputed,
chronos,ganymede,90,per_well,49_22-Z06,/app/results/chronos/ganymede_h90_per_well_49_22-Z06.json,ok,ok,,5934,1506,3,True,True,3,0.9643933278943269,1.474960107638153,-269036129.5449971,-269036129.5449971,0.3162813273312609,grouped_train,,,True,,5934,0.3162813273312609,0.3162813273312609,0.3162813273312609,group_weighted,3.07386206720462,0.31373994890126905,0.31373994890126905,raw_train_recomputed,
deeponet,ganymede,90,per_well,49_22-Z06,/app/results/deeponet/ganymede_h90_per_well_49_22-Z06.json,ok,ok,,5934,1506,3,True,True,3,0.088462553563258,0.11476826740430957,-1629275.3381113661,-1629275.3381113661,0.0012864938132706508,grouped_train,,,True,,5934,0.0012864938132706508,0.0012864938132706508,0.0012864938132706508,group_weighted,3.07386206720462,0.02877896002786687,0.02877896002786687,raw_train_recomputed,
lstm,ganymede,90,per_well,49_22-Z06,/app/results/lstm/ganymede_h90_per_well_49_22-Z06.json,ok,ok,,5934,1506,3,True,True,3,0.0638424734318522,0.07973725927882261,-786453.6918147001,-786453.6918147001,0.0009284487479240801,grouped_train,,,True,,5934,0.0009284487479240801,0.0009284487479240801,0.0009284487479240801,group_weighted,3.07386206720462,0.020769465914881064,0.020769465914881064,raw_train_recomputed,
patchtst,ganymede,90,per_well,49_22-Z06,/app/results/patchtst/ganymede_h90_per_well_49_22-Z06.json,ok,ok,,5934,1506,3,True,True,3,0.13640299582175314,0.15576572087105306,-3001198.588285999,-3001198.588285999,0.001983682396312289,grouped_train,,,True,,5934,0.001983682396312289,0.001983682396312289,0.001983682396312289,group_weighted,3.07386206720462,0.04437511926024659,0.04437511926024659,raw_train_recomputed,
tcn,ganymede,90,per_well,49_22-Z06,/app/results/tcn/ganymede_h90_per_well_49_22-Z06.json,ok,ok,,5934,1506,3,True,True,3,0.18045494823447367,0.23027081328762963,-6558866.979180726,-6558866.979180726,0.0026243214233208473,grouped_train,,,True,,5934,0.0026243214233208473,0.0026243214233208473,0.0026243214233208473,group_weighted,3.07386206720462,0.05870626081754539,0.05870626081754539,raw_train_recomputed,
timesfm,ganymede,90,per_well,49_22-Z06,/app/results/timesfm/ganymede_h90_per_well_49_22-Z06.json,ok,ok,,5934,1506,3,True,True,3,0.003068702449325377,0.0038563926047597242,-1838.1304799548893,-1838.1304799548893,0.0010064081280782896,grouped_train,,,True,,5934,0.0010064081280782896,0.0010064081280782896,0.0010064081280782896,group_weighted,3.07386206720462,0.000998321454324743,0.000998321454324743,raw_train_recomputed,
tirex,ganymede,90,per_well,49_22-Z06,/app/results/tirex/ganymede_h90_per_well_49_22-Z06.json,ok,ok,,5934,1506,3,True,True,3,2.7405125586345898e-06,9.032664037714129e-05,-0.008978179024619948,-0.008978179024619948,8.987753487526351e-07,grouped_train,,,True,,5934,8.987753487526351e-07,8.987753487526351e-07,8.987753487526351e-07,group_weighted,3.07386206720462,8.915535241068316e-07,8.915535241068316e-07,raw_train_recomputed,
chronos,ganymede,90,per_well,49_22-Z07,/app/results/chronos/ganymede_h90_per_well_49_22-Z07.json,ok,ok,,5050,1286,3,True,True,3,1.0627912201784144,2.0707265281466793,-0.22012737606609822,-0.45396889243448224,1.5311259026018855,grouped_train,,,True,,5050,1.5311259026018855,1.5311259026018855,1.5311259026018855,group_weighted,0.7623302228382587,1.3941349671557015,1.3941349671557015,raw_train_recomputed,
deeponet,ganymede,90,per_well,49_22-Z07,/app/results/deeponet/ganymede_h90_per_well_49_22-Z07.json,ok,ok,,5050,1286,3,True,True,3,2.1227676332419207,2.5510398506984497,-0.8518003780260972,-0.2941125381273879,1.0555319765062041,grouped_train,,,True,,5050,1.0555319765062041,1.0555319765062041,1.0555319765062041,group_weighted,0.7623302228382587,2.784577561858389,2.784577561858389,raw_train_recomputed,
lstm,ganymede,90,per_well,49_22-Z07,/app/results/lstm/ganymede_h90_per_well_49_22-Z07.json,ok,ok,,5050,1286,3,True,True,3,1.6687971544333726,2.1257368731611215,-0.28581561149370804,0.30310480247054894,0.8297981989280884,grouped_train,,,True,,5050,0.8297981989280885,0.8297981989280885,0.8297981989280884,group_weighted,0.7623302228382587,2.189073848102486,2.189073848102486,raw_train_recomputed,
patchtst,ganymede,90,per_well,49_22-Z07,/app/results/patchtst/ganymede_h90_per_well_49_22-Z07.json,ok,ok,,5050,1286,3,True,True,3,1.694356267612298,2.9353210902060782,-1.4517202408951526,-2.647361820203241,0.8425072966310222,grouped_train,,,True,,5050,0.8425072966310222,0.8425072966310222,0.8425072966310222,group_weighted,0.7623302228382587,2.222601461744466,2.222601461744466,raw_train_recomputed,
tcn,ganymede,90,per_well,49_22-Z07,/app/results/tcn/ganymede_h90_per_well_49_22-Z07.json,ok,ok,,5050,1286,3,True,True,3,1.6443469873411123,1.9077717140664816,-0.03564876890670088,0.1985576257030225,0.8176405172333727,grouped_train,,,True,,5050,0.8176405172333727,0.8176405172333727,0.8176405172333727,group_weighted,0.7623302228382587,2.1570009138808452,2.1570009138808452,raw_train_recomputed,
timesfm,ganymede,90,per_well,49_22-Z07,/app/results/timesfm/ganymede_h90_per_well_49_22-Z07.json,ok,ok,,5050,1286,3,True,True,3,0.8905140016580155,1.8350172352690373,0.041835729231569974,0.17711414396929803,1.2829321777228762,grouped_train,,,True,,5050,1.2829321777228762,1.2829321777228762,1.2829321777228762,group_weighted,0.7623302228382587,1.1681473133027722,1.1681473133027722,raw_train_recomputed,
tirex,ganymede,90,per_well,49_22-Z07,/app/results/tirex/ganymede_h90_per_well_49_22-Z07.json,ok,ok,,5050,1286,3,True,True,3,0.7507058884727825,1.6939171227693004,0.18352292894480138,0.23134093568413772,1.081515550047056,grouped_train,,,True,,5050,1.081515550047056,1.081515550047056,1.081515550047056,group_weighted,0.7623302228382587,0.9847515761316701,0.9847515761316701,raw_train_recomputed,
chronos,ganymede,90,per_well,49_22-Z08,/app/results/chronos/ganymede_h90_per_well_49_22-Z08.json,ok,ok,,3131,806,3,True,True,3,1.0375711755086947,1.5375045144753596,0.0,0.0,2.1033585766009573,grouped_train,,,True,,3131,2.1033585766009573,2.1033585766009573,2.1033585766009573,group_weighted,0.5018476843988867,2.067502168016373,2.067502168016373,raw_train_recomputed,
deeponet,ganymede,90,per_well,49_22-Z08,/app/results/deeponet/ganymede_h90_per_well_49_22-Z08.json,ok,ok,,3131,806,3,True,True,3,0.09853819129156087,0.11759068537295565,0.0,0.0,0.05692764723717318,grouped_train,,,True,,3131,0.05692764723717318,0.05692764723717318,0.05692764723717318,group_weighted,0.5018476843988867,0.19635079398560928,0.19635079398560928,raw_train_recomputed,
lstm,ganymede,90,per_well,49_22-Z08,/app/results/lstm/ganymede_h90_per_well_49_22-Z08.json,ok,ok,,3131,806,3,True,True,3,0.042111313905077004,0.05301529248787705,0.0,0.0,0.024328618084624838,grouped_train,,,True,,3131,0.024328618084624838,0.024328618084624838,0.024328618084624838,group_weighted,0.5018476843988867,0.08391254002799264,0.08391254002799264,raw_train_recomputed,
patchtst,ganymede,90,per_well,49_22-Z08,/app/results/patchtst/ganymede_h90_per_well_49_22-Z08.json,ok,ok,,3131,806,3,True,True,3,0.07840643483875276,0.07976646362743225,0.0,0.0,0.045297095523278506,grouped_train,,,True,,3131,0.045297095523278506,0.045297095523278506,0.045297095523278506,group_weighted,0.5018476843988867,0.156235521805123,0.156235521805123,raw_train_recomputed,
tcn,ganymede,90,per_well,49_22-Z08,/app/results/tcn/ganymede_h90_per_well_49_22-Z08.json,ok,ok,,3131,806,3,True,True,3,0.20213922184296537,0.25536791143684284,0.0,0.0,0.11678020636510858,grouped_train,,,True,,3131,0.1167802063651086,0.1167802063651086,0.11678020636510858,group_weighted,0.5018476843988867,0.4027899861390967,0.4027899861390967,raw_train_recomputed,
timesfm,ganymede,90,per_well,49_22-Z08,/app/results/timesfm/ganymede_h90_per_well_49_22-Z08.json,ok,ok,,3131,806,3,True,True,3,0.0031217065879092032,0.003888946178092909,0.0,0.0,0.0063283064143444005,grouped_train,,,True,,3131,0.0063283064143444005,0.0063283064143444005,0.0063283064143444005,group_weighted,0.5018476843988867,0.006220426406168206,0.006220426406168206,raw_train_recomputed,
tirex,ganymede,90,per_well,49_22-Z08,/app/results/tirex/ganymede_h90_per_well_49_22-Z08.json,ok,ok,,3131,806,3,True,True,3,2.8959458511142633e-07,5.081057619019021e-07,0.0,0.0,5.870645491213437e-07,grouped_train,,,True,,3131,5.870645491213437e-07,5.870645491213437e-07,5.870645491213437e-07,group_weighted,0.5018476843988867,5.770567327779998e-07,5.770567327779998e-07,raw_train_recomputed,
