dataset,model,horizon,mode,well_or_group,fold_or_split,row_type,mae,rmse,naive_mae,stored_naive_mae_inferred,stored_mase,recomputed_mase,delta,denominator_source,suspected_failure_mode,classification,ranking_delta_if_repaired,evidence_path,recompute_error
ganymede,patchtst,7.0,per_well,49_22-Z02Z,cv_fold_0,normal_control,3.417067775930543,4.119755705426177,4.875892002174378,175.109834000871,0.019513854235699558,0.7008087493338079,0.6812948950981084,raw_train,,valid_stored,,/app/results/patchtst/ganymede_h7_per_well_49_22-Z02Z.json,
ganymede,patchtst,7.0,per_well,49_22-Z02Z,cv_fold_1,normal_control,2.2372095013175355,2.677163750457517,3.8064165582743983,131.0494707902901,0.01707148825421505,0.5877468918776857,0.5706754036234707,raw_train,,valid_stored,,/app/results/patchtst/ganymede_h7_per_well_49_22-Z02Z.json,
ganymede,patchtst,7.0,per_well,49_22-Z02Z,cv_fold_2,normal_control,2.2326845946185454,2.493168594620309,3.1530376328345726,105.73632448099197,0.021115587340279747,0.7081059139187527,0.6869903265784729,raw_train,,valid_stored,,/app/results/patchtst/ganymede_h7_per_well_49_22-Z02Z.json,
ganymede,patchtst,7.0,per_well,49_22-Z02Z,test,normal_control,3.3630062674348946,3.83257670901297,2.6656935411135314,87.65017950793802,0.03836850405001538,1.2615877315102308,1.2232192274602154,raw_train,,valid_stored,,/app/results/patchtst/ganymede_h7_per_well_49_22-Z02Z.json,
ganymede,deeponet,7.0,per_well,49_22-Z04,cv_fold_0,worst_finite_mase,2.236791912587,3.407579648610086,0.8918033414667375,5.564450513711475,0.4019789388144033,2.508167225420099,2.1061882866056956,raw_train,,valid_stored,,/app/results/deeponet/ganymede_h7_per_well_49_22-Z04.json,
ganymede,deeponet,7.0,per_well,49_22-Z04,cv_fold_1,worst_finite_mase,1.0391824826887877,1.445188342200833,0.7224556592639844,4.630919324786295,0.22440090396883414,1.4384031315464743,1.21400222757764,raw_train,,valid_stored,,/app/results/deeponet/ganymede_h7_per_well_49_22-Z04.json,
ganymede,deeponet,7.0,per_well,49_22-Z04,cv_fold_2,worst_finite_mase,0.8378785395557989,1.0238941918415834,0.6266929515256171,4.017504585349761,0.2085569591161658,1.3369841443342758,1.12842718521811,raw_train,,valid_stored,,/app/results/deeponet/ganymede_h7_per_well_49_22-Z04.json,
ganymede,deeponet,7.0,per_well,49_22-Z04,test,worst_finite_mase,3.0967378274840494,3.942354941450064,0.5644844258539671,3.57859530591745,0.8653501060495394,5.485957956765985,4.620607850716445,raw_train,,valid_stored,,/app/results/deeponet/ganymede_h7_per_well_49_22-Z04.json,
ganymede,tcn,7.0,per_well,49_22-Z04,cv_fold_0,worst_finite_mase,4.803181093254369,12.264892361284355,0.8918033414667375,5.564450513711475,0.8631905488994382,5.385919596751722,4.522729047852284,raw_train,,valid_stored,,/app/results/tcn/ganymede_h7_per_well_49_22-Z04.json,
ganymede,tcn,7.0,per_well,49_22-Z04,cv_fold_1,worst_finite_mase,0.9826089836705332,1.5707359988124279,0.7224556592639844,4.630919324786295,0.21218443137440707,1.3600959049467272,1.1479114735723202,raw_train,,valid_stored,,/app/results/tcn/ganymede_h7_per_well_49_22-Z04.json,
ganymede,tcn,7.0,per_well,49_22-Z04,cv_fold_2,worst_finite_mase,0.9218055675648378,1.1759687182633118,0.6266929515256171,4.017504585349762,0.22944729694305646,1.4709046357084445,1.241457338765388,raw_train,,valid_stored,,/app/results/tcn/ganymede_h7_per_well_49_22-Z04.json,
ganymede,tcn,7.0,per_well,49_22-Z04,test,worst_finite_mase,3.707919916508625,4.376700924914174,0.5644844258539671,3.5785953059174496,1.0361383726115463,6.568684177422938,5.532545804811392,raw_train,,valid_stored,,/app/results/tcn/ganymede_h7_per_well_49_22-Z04.json,
ganymede,chronos,7.0,per_well,49_22-Z06,cv_fold_0,ganymede_z06,0.0004943893612841482,0.008984996551014956,3.6399935019853755,5.956296316899934,8.300281500122923e-05,0.00013582149556434417,5.2818680563114945e-05,raw_train,,valid_stored,,/app/results/chronos/ganymede_h7_per_well_49_22-Z06.json,
ganymede,chronos,7.0,per_well,49_22-Z06,cv_fold_1,ganymede_z06,1.3969838619232178e-08,1.3969838619232178e-08,2.7297752671262994,4.4645230316873565,3.1290775117700106e-09,5.117578281064348e-09,1.9885007692943374e-09,raw_train,,valid_stored,,/app/results/chronos/ganymede_h7_per_well_49_22-Z06.json,
ganymede,chronos,7.0,per_well,49_22-Z06,cv_fold_2,ganymede_z06,1.3969838619232178e-08,1.3969838619232178e-08,2.183604761825181,3.570207276228846,3.912892876625443e-09,6.397604027734118e-09,2.4847111511086745e-09,raw_train,,valid_stored,,/app/results/chronos/ganymede_h7_per_well_49_22-Z06.json,
ganymede,chronos,7.0,per_well,49_22-Z06,test,ganymede_z06,2.687231760010375e-06,9.068379081565204e-05,1.8195509590480134,2.9743892745672187,9.034566467098946e-07,1.476865347819844e-06,5.734087011099494e-07,raw_train,,valid_stored,,/app/results/chronos/ganymede_h7_per_well_49_22-Z06.json,
ganymede,deeponet,7.0,per_well,49_22-Z06,cv_fold_0,ganymede_z06,2.0471832466716666,2.8042416766333815,3.6399935019853755,143.53258518804904,0.014262846614164664,0.5624139838587798,0.5481511372446152,raw_train,,valid_stored,,/app/results/deeponet/ganymede_h7_per_well_49_22-Z06.json,
ganymede,deeponet,7.0,per_well,49_22-Z06,cv_fold_1,ganymede_z06,2.4599103156396387,2.7943597215679574,2.7297752671262994,107.58571884943093,0.022864654732496128,0.9011402313089479,0.8782755765764518,raw_train,,valid_stored,,/app/results/deeponet/ganymede_h7_per_well_49_22-Z06.json,
ganymede,deeponet,7.0,per_well,49_22-Z06,cv_fold_2,ganymede_z06,0.23926436469848825,0.26559818453971473,2.183604761825181,86.03456932091986,0.0027810258897909028,0.10957310997000093,0.10679208408021003,raw_train,,valid_stored,,/app/results/deeponet/ganymede_h7_per_well_49_22-Z06.json,
ganymede,deeponet,7.0,per_well,49_22-Z06,test,ganymede_z06,0.13805380065248132,0.15952340225741268,1.8195509590480134,70.9266549267998,0.0019464304469872492,0.07587245631455734,0.07392602586757009,raw_train,,valid_stored,,/app/results/deeponet/ganymede_h7_per_well_49_22-Z06.json,
ganymede,lstm,7.0,per_well,49_22-Z06,cv_fold_0,ganymede_z06,1.046381252387706,1.8093605836567048,3.6399935019853755,143.53258518804904,0.007290199998953485,0.28746789020831337,0.2801776902093599,raw_train,,valid_stored,,/app/results/lstm/ganymede_h7_per_well_49_22-Z06.json,
ganymede,lstm,7.0,per_well,49_22-Z06,cv_fold_1,ganymede_z06,2.0836634668171254,4.338350719469674,2.7297752671262994,107.58571884943092,0.019367472645075393,0.7633095265789585,0.743942053933883,raw_train,,valid_stored,,/app/results/lstm/ganymede_h7_per_well_49_22-Z06.json,
ganymede,lstm,7.0,per_well,49_22-Z06,cv_fold_2,ganymede_z06,0.020358997095491993,0.04259645758683612,2.183604761825181,86.03456932091986,0.00023663740350172906,0.009323572402578379,0.00908693499907665,raw_train,,valid_stored,,/app/results/lstm/ganymede_h7_per_well_49_22-Z06.json,
ganymede,lstm,7.0,per_well,49_22-Z06,test,ganymede_z06,0.02360488903051737,0.02807618178007757,1.8195509590480134,70.9266549267998,0.0003328070251568879,0.012972920001574134,0.012640112976417246,raw_train,,valid_stored,,/app/results/lstm/ganymede_h7_per_well_49_22-Z06.json,
ganymede,patchtst,7.0,per_well,49_22-Z06,cv_fold_0,ganymede_z06,8.301118749939377,8.301124244091255,3.6399935019853755,143.53258518804904,0.057834384708278445,2.2805312002374913,2.222696815529213,raw_train,,valid_stored,,/app/results/patchtst/ganymede_h7_per_well_49_22-Z06.json,
ganymede,patchtst,7.0,per_well,49_22-Z06,cv_fold_1,ganymede_z06,11.072978292192731,11.072978597537192,2.7297752671262994,107.58571884943092,0.10292238050376984,4.056369923759154,3.953447543255384,raw_train,,valid_stored,,/app/results/patchtst/ganymede_h7_per_well_49_22-Z06.json,
ganymede,patchtst,7.0,per_well,49_22-Z06,cv_fold_2,ganymede_z06,12.795861516680036,12.79586169467683,2.183604761825181,86.03456932091986,0.14872930285673716,5.859971429071499,5.711242126214762,raw_train,,valid_stored,,/app/results/patchtst/ganymede_h7_per_well_49_22-Z06.json,
ganymede,patchtst,7.0,per_well,49_22-Z06,test,ganymede_z06,0.31222501564580496,0.3145175134240631,1.8195509590480134,70.9266549267998,0.004402082911819799,0.17159454319936204,0.16719246028754225,raw_train,,valid_stored,,/app/results/patchtst/ganymede_h7_per_well_49_22-Z06.json,
ganymede,tcn,7.0,per_well,49_22-Z06,cv_fold_0,ganymede_z06,4.622593790082806,6.296788464630381,3.6399935019853755,143.53258518804904,0.03220588400903195,1.2699456159912061,1.2377397319821741,raw_train,,valid_stored,,/app/results/tcn/ganymede_h7_per_well_49_22-Z06.json,
ganymede,tcn,7.0,per_well,49_22-Z06,cv_fold_1,ganymede_z06,2.815049865139004,5.139159567500856,2.7297752671262994,107.58571884943092,0.026165646288786166,1.0312386880486595,1.0050730417598732,raw_train,,valid_stored,,/app/results/tcn/ganymede_h7_per_well_49_22-Z06.json,
ganymede,tcn,7.0,per_well,49_22-Z06,cv_fold_2,ganymede_z06,0.11042142330391015,0.15149676319431143,2.183604761825181,86.03456932091986,0.0012834541298396489,0.05056841111283053,0.04928495698299088,raw_train,,valid_stored,,/app/results/tcn/ganymede_h7_per_well_49_22-Z06.json,
ganymede,tcn,7.0,per_well,49_22-Z06,test,ganymede_z06,0.25344458915381973,0.27199615207179717,1.8195509590480134,70.9266549267998,0.003573333458562066,0.13928963511218262,0.13571630165362056,raw_train,,valid_stored,,/app/results/tcn/ganymede_h7_per_well_49_22-Z06.json,
ganymede,timesfm,7.0,per_well,49_22-Z06,cv_fold_0,ganymede_z06,0.002896474375777633,0.009362226523991438,3.6399935019853755,5.956296316899934,0.0004862878241230882,0.0007957361391435995,0.00030944831502051134,raw_train,,valid_stored,,/app/results/timesfm/ganymede_h7_per_well_49_22-Z06.json,
ganymede,timesfm,7.0,per_well,49_22-Z06,cv_fold_1,ganymede_z06,0.002568066818639636,0.0030042501994272273,2.7297752671262994,4.4645230316873565,0.0005752163893908821,0.0009407612595681191,0.000365544870177237,raw_train,,valid_stored,,/app/results/timesfm/ganymede_h7_per_well_49_22-Z06.json,
ganymede,timesfm,7.0,per_well,49_22-Z06,cv_fold_2,ganymede_z06,0.002568066818639636,0.0030042501994272277,2.183604761825181,3.5702072762288464,0.0007193046845594479,0.0011760676032292125,0.0004567629186697646,raw_train,,valid_stored,,/app/results/timesfm/ganymede_h7_per_well_49_22-Z06.json,
ganymede,timesfm,7.0,per_well,49_22-Z06,test,ganymede_z06,0.002525134881284159,0.0029798169618709507,1.8195509590480134,2.9743892745672187,0.0008489591133465786,0.0013877791488759986,0.00053882003552942,raw_train,,valid_stored,,/app/results/timesfm/ganymede_h7_per_well_49_22-Z06.json,
ganymede,tirex,7.0,per_well,49_22-Z06,cv_fold_0,ganymede_z06,0.0004981195890516049,0.008980840201141971,3.6399935019853755,5.956296316899933,8.362908131992678e-05,0.00013684628524196916,5.321720392204238e-05,raw_train,,valid_stored,,/app/results/tirex/ganymede_h7_per_well_49_22-Z06.json,
ganymede,tirex,7.0,per_well,49_22-Z06,cv_fold_1,ganymede_z06,5.195761772423461e-09,6.506191370986124e-09,2.7297752671262994,4.4645230316873565,1.1637887710615605e-09,1.903366125041189e-09,7.395773539796284e-10,raw_train,,valid_stored,,/app/results/tirex/ganymede_h7_per_well_49_22-Z06.json,
ganymede,tirex,7.0,per_well,49_22-Z06,cv_fold_2,ganymede_z06,5.195563560162318e-09,6.504911454327519e-09,2.183604761825181,3.5702072762288464,1.4552554398607102e-09,2.379351634963266e-09,9.24096195102556e-10,raw_train,,valid_stored,,/app/results/tirex/ganymede_h7_per_well_49_22-Z06.json,
ganymede,tirex,7.0,per_well,49_22-Z06,test,ganymede_z06,2.8790900538659983e-06,9.410506215522619e-05,1.8195509590480134,2.9743892745672187,9.679600711594529e-07,1.58230800821997e-06,6.14347937060517e-07,raw_train,,valid_stored,,/app/results/tirex/ganymede_h7_per_well_49_22-Z06.json,
ganymede,deeponet,7.0,per_well,49_22-Z07,cv_fold_0,worst_finite_mase,0.8716077248045652,1.2269133123252498,0.4466039941973322,2.5336249031893683,0.3440160868751216,1.9516344146699343,1.6076183277948126,raw_train,,valid_stored,,/app/results/deeponet/ganymede_h7_per_well_49_22-Z07.json,
ganymede,deeponet,7.0,per_well,49_22-Z07,cv_fold_1,worst_finite_mase,0.761332394875382,0.9662667810308643,0.35734559627150975,2.1690636132624355,0.350995881457935,2.1305212735766434,1.7795253921187084,raw_train,,valid_stored,,/app/results/deeponet/ganymede_h7_per_well_49_22-Z07.json,
ganymede,deeponet,7.0,per_well,49_22-Z07,cv_fold_2,worst_finite_mase,1.7080500523051516,2.1731740542990665,0.334990589408092,2.005738983264548,0.8515814203925594,5.0988001045736,4.247218684181041,raw_train,,valid_stored,,/app/results/deeponet/ganymede_h7_per_well_49_22-Z07.json,
ganymede,deeponet,7.0,per_well,49_22-Z07,test,worst_finite_mase,2.179099787228563,2.7656355131360426,0.37182219908293035,2.18934053371987,0.9953224515174407,5.860596254347207,4.865273802829766,raw_train,,valid_stored,,/app/results/deeponet/ganymede_h7_per_well_49_22-Z07.json,
ganymede,tcn,14.0,per_well,49_22-Z04,cv_fold_0,worst_finite_mase,4.500223745931858,10.600290558131821,1.642497682900841,5.572540404302126,0.8075713084929064,2.7398661153566692,1.9322948068637629,raw_train,,valid_stored,,/app/results/tcn/ganymede_h14_per_well_49_22-Z04.json,
ganymede,tcn,14.0,per_well,49_22-Z04,cv_fold_1,worst_finite_mase,1.0505763746780141,1.6825306442261008,1.367629217027819,4.639734720233408,0.22643026768245136,0.7681733920259209,0.5417431243434696,raw_train,,valid_stored,,/app/results/tcn/ganymede_h14_per_well_49_22-Z04.json,
ganymede,tcn,14.0,per_well,49_22-Z04,cv_fold_2,worst_finite_mase,1.1654317841651902,1.4881766464074089,1.1948273931268496,4.024979622434862,0.2895497352754737,0.9753976104575813,0.6858478751821077,raw_train,,valid_stored,,/app/results/tcn/ganymede_h14_per_well_49_22-Z04.json,
ganymede,tcn,14.0,per_well,49_22-Z04,test,worst_finite_mase,3.3459928924602798,4.7167871655576965,1.0723527193639126,3.578727686540848,0.9349671686516259,3.12023537781955,2.185268209167924,raw_train,,valid_stored,,/app/results/tcn/ganymede_h14_per_well_49_22-Z04.json,
ganymede,chronos,14.0,per_well,49_22-Z06,cv_fold_0,ganymede_z06,0.0004946150873967637,0.008998143618031825,5.992798758392757,5.968098753459181,8.28764917990137e-05,8.253490686702407e-05,-3.415849319896334e-07,raw_train,,valid_stored,,/app/results/chronos/ganymede_h14_per_well_49_22-Z06.json,
ganymede,chronos,14.0,per_well,49_22-Z06,cv_fold_1,ganymede_z06,4.675719527491106e-06,0.000413382852873238,4.495398353513495,4.474471213733701,1.0449770049117098e-06,1.0401123904484852e-06,-4.8646144632246505e-09,raw_train,,valid_stored,,/app/results/chronos/ganymede_h14_per_well_49_22-Z06.json,
ganymede,chronos,14.0,per_well,49_22-Z06,cv_fold_2,ganymede_z06,1.3969838619232178e-08,1.3969838619232178e-08,3.596585392888133,3.578690937083251,3.903616955147864e-09,3.884194894094842e-09,-1.942206105302201e-11,raw_train,,valid_stored,,/app/results/chronos/ganymede_h14_per_well_49_22-Z06.json,
ganymede,chronos,14.0,per_well,49_22-Z06,test,ganymede_z06,2.1612669334007804e-05,0.001704864953307402,2.9963150241599545,2.9807668204305493,7.2507078332568185e-06,7.213083123683606e-06,-3.762470957321263e-08,raw_train,,valid_stored,,/app/results/chronos/ganymede_h14_per_well_49_22-Z06.json,
ganymede,deeponet,14.0,per_well,49_22-Z06,cv_fold_0,ganymede_z06,2.9014514160641376,4.274708684402645,5.992798758392757,143.24768221992483,0.020254787868815963,0.48415632378790147,0.4639015359190855,raw_train,,valid_stored,,/app/results/deeponet/ganymede_h14_per_well_49_22-Z06.json,
ganymede,deeponet,14.0,per_well,49_22-Z06,cv_fold_1,ganymede_z06,1.3714954033399245,2.354160131408912,4.495398353513495,107.3985455945802,0.012770148755246609,0.30508873641153444,0.2923185876562878,raw_train,,valid_stored,,/app/results/deeponet/ganymede_h14_per_well_49_22-Z06.json,
ganymede,deeponet,14.0,per_well,49_22-Z06,cv_fold_2,ganymede_z06,0.16174681483633815,0.23158940449461538,3.596585392888133,85.89756943693256,0.0018830196930670476,0.044972327128997236,0.04308930743593019,raw_train,,valid_stored,,/app/results/deeponet/ganymede_h14_per_well_49_22-Z06.json,
ganymede,deeponet,14.0,per_well,49_22-Z06,test,ganymede_z06,0.12195126666166958,0.163108500018369,2.9963150241599545,70.69177587233263,0.0017251125064662426,0.040700415569908166,0.03897530306344192,raw_train,,valid_stored,,/app/results/deeponet/ganymede_h14_per_well_49_22-Z06.json,
ganymede,lstm,14.0,per_well,49_22-Z06,cv_fold_0,ganymede_z06,1.9464274125195533,2.4833261465628564,5.992798758392757,143.24768221992483,0.01358784576724424,0.3247943892315144,0.3112065434642701,raw_train,,valid_stored,,/app/results/lstm/ganymede_h14_per_well_49_22-Z06.json,
ganymede,lstm,14.0,per_well,49_22-Z06,cv_fold_1,ganymede_z06,2.6528836598382153,5.324730785723691,4.495398353513495,107.3985455945802,0.02470129967916522,0.5901331653433528,0.5654318656641876,raw_train,,valid_stored,,/app/results/lstm/ganymede_h14_per_well_49_22-Z06.json,
ganymede,lstm,14.0,per_well,49_22-Z06,cv_fold_2,ganymede_z06,0.20290732387137417,0.2584825275616693,3.596585392888133,85.89756943693256,0.0023622009935956585,0.05641665683028184,0.05405445583668618,raw_train,,valid_stored,,/app/results/lstm/ganymede_h14_per_well_49_22-Z06.json,
ganymede,lstm,14.0,per_well,49_22-Z06,test,ganymede_z06,0.01932753123775172,0.024972251615734273,2.9963150241599545,70.69177587233261,0.0002734056543247224,0.006450433643295026,0.006177027988970304,raw_train,,valid_stored,,/app/results/lstm/ganymede_h14_per_well_49_22-Z06.json,
ganymede,patchtst,14.0,per_well,49_22-Z06,cv_fold_0,ganymede_z06,8.241549572466928,8.241554699227489,5.992798758392757,143.24768221992483,0.057533563159604,1.3752421706009825,1.3177086074413786,raw_train,,valid_stored,,/app/results/patchtst/ganymede_h14_per_well_49_22-Z06.json,
ganymede,patchtst,14.0,per_well,49_22-Z06,cv_fold_1,ganymede_z06,11.005375044686454,11.005375286052416,4.495398353513495,107.3985455945802,0.10247229125644541,2.448142340063127,2.3456700488066815,raw_train,,valid_stored,,/app/results/patchtst/ganymede_h14_per_well_49_22-Z06.json,
ganymede,patchtst,14.0,per_well,49_22-Z06,cv_fold_2,ganymede_z06,12.726271424974714,12.72627157767661,3.596585392888133,85.89756943693256,0.1481563623790142,3.5384316051940736,3.3902752428150595,raw_train,,valid_stored,,/app/results/patchtst/ganymede_h14_per_well_49_22-Z06.json,
ganymede,patchtst,14.0,per_well,49_22-Z06,test,ganymede_z06,0.15507956054212005,0.16242803836288944,2.9963150241599545,70.69177587233261,0.002193742604828452,0.051756760985303296,0.049563018380474846,raw_train,,valid_stored,,/app/results/patchtst/ganymede_h14_per_well_49_22-Z06.json,
ganymede,tcn,14.0,per_well,49_22-Z06,cv_fold_0,ganymede_z06,4.4955875477043605,9.009112055489396,5.992798758392757,143.24768221992483,0.031383317887143124,0.7501649444524411,0.718781626565298,raw_train,,valid_stored,,/app/results/tcn/ganymede_h14_per_well_49_22-Z06.json,
ganymede,tcn,14.0,per_well,49_22-Z06,cv_fold_1,ganymede_z06,2.5634628366376275,5.437074398206319,4.495398353513495,107.3985455945802,0.02386869228485149,0.5702415303493821,0.5463728380645306,raw_train,,valid_stored,,/app/results/tcn/ganymede_h14_per_well_49_22-Z06.json,
ganymede,tcn,14.0,per_well,49_22-Z06,cv_fold_2,ganymede_z06,0.12894324241713462,0.17364436820542523,3.596585392888133,85.89756943693256,0.0015011279511442628,0.03585157262555374,0.034350444674409474,raw_train,,valid_stored,,/app/results/tcn/ganymede_h14_per_well_49_22-Z06.json,
ganymede,tcn,14.0,per_well,49_22-Z06,test,ganymede_z06,0.21279646322251441,0.25109915698950275,2.9963150241599545,70.69177587233261,0.003010201124481848,0.0710193893187763,0.06800918819429445,raw_train,,valid_stored,,/app/results/tcn/ganymede_h14_per_well_49_22-Z06.json,
ganymede,timesfm,14.0,per_well,49_22-Z06,cv_fold_0,ganymede_z06,0.0029283288372959865,0.009310984216417422,5.992798758392757,5.968098753459181,0.0004906636029771948,0.0004886412768649939,-2.0223261122008984e-06,raw_train,,valid_stored,,/app/results/timesfm/ganymede_h14_per_well_49_22-Z06.json,
ganymede,timesfm,14.0,per_well,49_22-Z06,cv_fold_1,ganymede_z06,0.0026112995359913577,0.0029543566052973877,4.495398353513495,4.474471213733701,0.0005835995833376635,0.0005808827896087183,-2.7167937289452465e-06,raw_train,,valid_stored,,/app/results/timesfm/ganymede_h14_per_well_49_22-Z06.json,
ganymede,timesfm,14.0,per_well,49_22-Z06,cv_fold_2,ganymede_z06,0.0026112995359913577,0.0029543566052973877,3.596585392888133,3.5786909370832514,0.0007296800930564994,0.0007260496417393359,-3.630451317163455e-06,raw_train,,valid_stored,,/app/results/timesfm/ganymede_h14_per_well_49_22-Z06.json,
ganymede,timesfm,14.0,per_well,49_22-Z06,test,ganymede_z06,0.002567426289843392,0.0029303352123866582,2.9963150241599545,2.9807668204305493,0.0008613308066387249,0.0008568612676376359,-4.469539001088988e-06,raw_train,,valid_stored,,/app/results/timesfm/ganymede_h14_per_well_49_22-Z06.json,
ganymede,tirex,14.0,per_well,49_22-Z06,cv_fold_0,ganymede_z06,0.0004970978142426214,0.008994124146142478,5.992798758392757,5.968098753459181,8.329249142442518e-05,8.294919190243941e-05,-3.4329952198576595e-07,raw_train,,valid_stored,,/app/results/tirex/ganymede_h14_per_well_49_22-Z06.json,
ganymede,tirex,14.0,per_well,49_22-Z06,cv_fold_1,ganymede_z06,4.319301067501102e-09,5.606908465496632e-09,4.495398353513495,4.474471213733701,9.653210091605174e-10,9.608272121480047e-10,-4.4937970125127514e-12,raw_train,,valid_stored,,/app/results/tirex/ganymede_h14_per_well_49_22-Z06.json,
ganymede,tirex,14.0,per_well,49_22-Z06,cv_fold_2,ganymede_z06,4.3183587933491564e-09,5.605335337883294e-09,3.596585392888133,3.578690937083252,1.206686710104326e-09,1.2006829594226385e-09,-6.003750681687542e-12,raw_train,,valid_stored,,/app/results/tirex/ganymede_h14_per_well_49_22-Z06.json,
ganymede,tirex,14.0,per_well,49_22-Z06,test,ganymede_z06,2.631764521098914e-06,9.185695246924014e-05,2.9963150241599545,2.9807668204305493,8.829152629653785e-07,8.783337198787215e-07,-4.581543086657073e-09,raw_train,,valid_stored,,/app/results/tirex/ganymede_h14_per_well_49_22-Z06.json,
ganymede,chronos,14.0,per_well,49_22-Z07,cv_fold_0,worst_finite_mase,0.18164553156059676,0.39123335550110155,0.8444267698836784,0.8729108259786275,0.20809173876031664,0.21511105289286225,0.007019314132545612,raw_train,,valid_stored,,/app/results/chronos/ganymede_h14_per_well_49_22-Z07.json,
ganymede,chronos,14.0,per_well,49_22-Z07,cv_fold_1,worst_finite_mase,0.5173359734849394,0.9700886514328327,0.6804028543000131,0.7022360292638968,0.7366981355645128,0.7603377472852695,0.02363961172075668,raw_train,,valid_stored,,/app/results/chronos/ganymede_h14_per_well_49_22-Z07.json,
ganymede,chronos,14.0,per_well,49_22-Z07,cv_fold_2,worst_finite_mase,1.0901206578988851,2.291947407987545,0.6474213665636456,0.663942352782296,1.641890524577412,1.6837885096146568,0.041897985037244734,raw_train,,valid_stored,,/app/results/chronos/ganymede_h14_per_well_49_22-Z07.json,
ganymede,chronos,14.0,per_well,49_22-Z07,test,worst_finite_mase,0.6313230851146772,1.715484622366039,0.7173778028583662,0.732688134686121,0.8616532126388698,0.8800426812750449,0.018389468636175077,raw_train,,valid_stored,,/app/results/chronos/ganymede_h14_per_well_49_22-Z07.json,
ganymede,deeponet,14.0,per_well,49_22-Z07,cv_fold_0,worst_finite_mase,1.0581350321610454,1.6442143854218485,0.8444267698836784,2.5336474891051894,0.4176330909138224,1.253080870833602,0.8354477799197797,raw_train,,valid_stored,,/app/results/deeponet/ganymede_h14_per_well_49_22-Z07.json,
ganymede,deeponet,14.0,per_well,49_22-Z07,cv_fold_1,worst_finite_mase,0.7337449565825481,0.9918723444493156,0.6804028543000131,2.169365124218706,0.33823027225387214,1.0783978226214417,0.7401675503675695,raw_train,,valid_stored,,/app/results/deeponet/ganymede_h14_per_well_49_22-Z07.json,
ganymede,deeponet,14.0,per_well,49_22-Z07,cv_fold_2,worst_finite_mase,1.7008507278323732,2.161799793371305,0.6474213665636456,2.007613750812794,0.8472001783927681,2.627115531975834,1.7799153535830659,raw_train,,valid_stored,,/app/results/deeponet/ganymede_h14_per_well_49_22-Z07.json,
ganymede,deeponet,14.0,per_well,49_22-Z07,test,worst_finite_mase,2.6773480554371565,3.4376537202595023,0.7173778028583662,2.179119112500813,1.228637773895968,3.7321311654324387,2.5034933915364705,raw_train,,valid_stored,,/app/results/deeponet/ganymede_h14_per_well_49_22-Z07.json,
ganymede,timesfm,14.0,per_well,49_22-Z07,cv_fold_0,worst_finite_mase,0.21177798290675245,0.39069498575949585,0.8444267698836784,0.8729108259786275,0.24261124573558407,0.2507949658392821,0.008183720103698056,raw_train,,valid_stored,,/app/results/timesfm/ganymede_h14_per_well_49_22-Z07.json,
ganymede,timesfm,14.0,per_well,49_22-Z07,cv_fold_1,worst_finite_mase,0.46656901495992187,0.7946121803066514,0.6804028543000131,0.7022360292638967,0.6644048375714822,0.6857246585773367,0.0213198210058545,raw_train,,valid_stored,,/app/results/timesfm/ganymede_h14_per_well_49_22-Z07.json,
ganymede,timesfm,14.0,per_well,49_22-Z07,cv_fold_2,worst_finite_mase,1.304854167101937,2.1978382089653894,0.6474213665636456,0.663942352782296,1.965312442614718,2.0154635520106234,0.0501511093959055,raw_train,,valid_stored,,/app/results/timesfm/ganymede_h14_per_well_49_22-Z07.json,
ganymede,timesfm,14.0,per_well,49_22-Z07,test,worst_finite_mase,0.6626960186931717,1.508925288758021,0.7173778028583662,0.732688134686121,0.9044721585085672,0.9237754723559652,0.01930331384739803,raw_train,,valid_stored,,/app/results/timesfm/ganymede_h14_per_well_49_22-Z07.json,
ganymede,tirex,14.0,per_well,49_22-Z07,cv_fold_0,worst_finite_mase,0.18321007118975668,0.38010673252182337,0.8444267698836784,0.8729108259786275,0.20988406345442948,0.21696383597004423,0.007079772515614757,raw_train,,valid_stored,,/app/results/tirex/ganymede_h14_per_well_49_22-Z07.json,
ganymede,tirex,14.0,per_well,49_22-Z07,cv_fold_1,worst_finite_mase,0.41145372844485795,0.8010006735176092,0.6804028543000131,0.7022360292638968,0.5859194221010777,0.6047207560117521,0.0188013339106744,raw_train,,valid_stored,,/app/results/tirex/ganymede_h14_per_well_49_22-Z07.json,
ganymede,tirex,14.0,per_well,49_22-Z07,cv_fold_2,worst_finite_mase,1.0812885705044333,2.1073007336524374,0.6474213665636456,0.663942352782296,1.6285880332429756,1.6701465635026054,0.041558530259629745,raw_train,,valid_stored,,/app/results/tirex/ganymede_h14_per_well_49_22-Z07.json,
ganymede,tirex,14.0,per_well,49_22-Z07,test,worst_finite_mase,0.6116207088413174,1.570345383532534,0.7173778028583662,0.7326881346861209,0.8347626771700511,0.8525782459456323,0.017815568775581103,raw_train,,valid_stored,,/app/results/tirex/ganymede_h14_per_well_49_22-Z07.json,
ganymede,patchtst,30.0,per_well,49_22-Z02Z,cv_fold_0,normal_control,3.585063693903014,4.399163272808212,8.589824083165071,174.51532273396958,0.02054297375003609,0.41736171302148883,0.3968187392714527,raw_train,,valid_stored,,/app/results/patchtst/ganymede_h30_per_well_49_22-Z02Z.json,
ganymede,patchtst,30.0,per_well,49_22-Z02Z,cv_fold_1,normal_control,2.4924307985125846,3.037333515451845,6.802400218237675,130.65354598870002,0.01907664104828927,0.3664046099243347,0.34732796887604545,raw_train,,valid_stored,,/app/results/patchtst/ganymede_h30_per_well_49_22-Z02Z.json,
ganymede,patchtst,30.0,per_well,49_22-Z02Z,cv_fold_2,normal_control,2.4662097204020306,2.793423559059396,5.677491999913193,105.39274337506048,0.023400185263472515,0.43438365398660855,0.410983468723136,raw_train,,valid_stored,,/app/results/patchtst/ganymede_h30_per_well_49_22-Z02Z.json,
ganymede,patchtst,30.0,per_well,49_22-Z02Z,test,normal_control,3.3634161199662684,3.810663583608512,4.854240346550671,87.55773168404238,0.038413696372393114,0.69288207419648,0.6544683778240868,raw_train,,valid_stored,,/app/results/patchtst/ganymede_h30_per_well_49_22-Z02Z.json,
ganymede,deeponet,30.0,per_well,49_22-Z04,cv_fold_0,worst_finite_mase,3.326149401622117,7.0192954375034935,1.8229036145640258,5.582083736101997,0.5958616099056921,1.8246435933573013,1.2287819834516092,raw_train,,valid_stored,,/app/results/deeponet/ganymede_h30_per_well_49_22-Z04.json,
ganymede,deeponet,30.0,per_well,49_22-Z04,cv_fold_1,worst_finite_mase,1.390707731744147,1.9010365271114382,1.5361445822443778,4.644326765956466,0.29944226619414893,0.905323462269586,0.6058811960754371,raw_train,,valid_stored,,/app/results/deeponet/ganymede_h30_per_well_49_22-Z04.json,
ganymede,deeponet,30.0,per_well,49_22-Z04,cv_fold_2,worst_finite_mase,1.1917124321581927,1.5938386832276963,1.345951672462317,4.016102104786378,0.2967335991627089,0.8854050680571945,0.5886714688944856,raw_train,,valid_stored,,/app/results/deeponet/ganymede_h30_per_well_49_22-Z04.json,
ganymede,deeponet,30.0,per_well,49_22-Z04,test,worst_finite_mase,3.1537774288136027,4.079950548198093,1.213500666469967,3.5982018831848803,0.8764870708205222,2.5989086911569945,1.7224216203364722,raw_train,,valid_stored,,/app/results/deeponet/ganymede_h30_per_well_49_22-Z04.json,
ganymede,tcn,30.0,per_well,49_22-Z04,cv_fold_0,worst_finite_mase,4.5147767052670975,9.68842646536816,1.8229036145640258,5.582083736101997,0.8087977391073308,2.47669524005353,1.6678975009461992,raw_train,,valid_stored,,/app/results/tcn/ganymede_h30_per_well_49_22-Z04.json,
ganymede,tcn,30.0,per_well,49_22-Z04,cv_fold_1,worst_finite_mase,1.2620491856654248,1.8517954437208934,1.5361445822443778,4.644326765956466,0.27173996345744095,0.8215692717032618,0.5498293082458208,raw_train,,valid_stored,,/app/results/tcn/ganymede_h30_per_well_49_22-Z04.json,
ganymede,tcn,30.0,per_well,49_22-Z04,cv_fold_2,worst_finite_mase,2.055694458436657,2.85052377470877,1.345951672462317,4.016102104786378,0.5118630963059149,1.527316693827438,1.0154535975215233,raw_train,,valid_stored,,/app/results/tcn/ganymede_h30_per_well_49_22-Z04.json,
ganymede,tcn,30.0,per_well,49_22-Z04,test,worst_finite_mase,3.9639496230377564,4.832069714474917,1.213500666469967,3.59820188318488,1.1016473649135945,3.266540952605122,2.1648935876915276,raw_train,,valid_stored,,/app/results/tcn/ganymede_h30_per_well_49_22-Z04.json,
ganymede,chronos,30.0,per_well,49_22-Z06,cv_fold_0,ganymede_z06,0.006976129226630446,0.06480710176131523,6.259620795137515,5.995820512765228,0.0011634986757489022,0.0011144651497179377,-4.903352603096442e-05,raw_train,,valid_stored,,/app/results/chronos/ganymede_h30_per_well_49_22-Z06.json,
ganymede,chronos,30.0,per_well,49_22-Z06,cv_fold_1,ganymede_z06,0.009954525913133137,0.08309287766442612,4.694867630753222,4.494501176888938,0.002214823296591857,0.0021202995901156174,-9.452370647623949e-05,raw_train,,valid_stored,,/app/results/chronos/ganymede_h30_per_well_49_22-Z06.json,
ganymede,chronos,30.0,per_well,49_22-Z06,cv_fold_2,ganymede_z06,0.009870485425219754,0.07690555985322481,3.7558505884205435,3.594349489313926,0.002746111766416957,0.0026280293086340827,-0.00011808245778287436,raw_train,,valid_stored,,/app/results/chronos/ganymede_h30_per_well_49_22-Z06.json,
ganymede,chronos,30.0,per_well,49_22-Z06,test,ganymede_z06,0.01275695152183338,0.09493809185568246,3.1298513151605993,2.994596393085405,0.00425999027825235,0.004075896979527538,-0.000184093298724812,raw_train,,valid_stored,,/app/results/chronos/ganymede_h30_per_well_49_22-Z06.json,
ganymede,deeponet,30.0,per_well,49_22-Z06,cv_fold_0,ganymede_z06,1.7745056810224344,2.38004680947915,6.259620795137515,142.8324169432318,0.012423690076796116,0.2834845335041499,0.2710608434273538,raw_train,,valid_stored,,/app/results/deeponet/ganymede_h30_per_well_49_22-Z06.json,
ganymede,deeponet,30.0,per_well,49_22-Z06,cv_fold_1,ganymede_z06,3.1105512541360865,4.85920037798674,4.694867630753222,107.0688871921102,0.02905186871471753,0.6625429082943164,0.6334910395795988,raw_train,,valid_stored,,/app/results/deeponet/ganymede_h30_per_well_49_22-Z06.json,
ganymede,deeponet,30.0,per_well,49_22-Z06,cv_fold_2,ganymede_z06,0.27655385725736537,0.3231310459193462,3.7558505884205435,85.62529741437453,0.003229814851550382,0.07363281652097486,0.07040300166942448,raw_train,,valid_stored,,/app/results/deeponet/ganymede_h30_per_well_49_22-Z06.json,
ganymede,deeponet,30.0,per_well,49_22-Z06,test,ganymede_z06,0.08976690169222584,0.12810275068290367,3.1298513151605993,70.59233458549797,0.0012716239265823485,0.028680883739558634,0.027409259812976285,raw_train,,valid_stored,,/app/results/deeponet/ganymede_h30_per_well_49_22-Z06.json,
ganymede,lstm,30.0,per_well,49_22-Z06,cv_fold_0,ganymede_z06,0.6544251818248114,1.011052497724584,6.259620795137515,142.8324169432318,0.004581769291805165,0.10454709689973074,0.09996532760792558,raw_train,,valid_stored,,/app/results/lstm/ganymede_h30_per_well_49_22-Z06.json,
ganymede,lstm,30.0,per_well,49_22-Z06,cv_fold_1,ganymede_z06,2.243624832976618,4.373071703751326,4.694867630753222,107.06888719211018,0.020954965460236414,0.4778888372230127,0.4569338717627763,raw_train,,valid_stored,,/app/results/lstm/ganymede_h30_per_well_49_22-Z06.json,
ganymede,lstm,30.0,per_well,49_22-Z06,cv_fold_2,ganymede_z06,0.26107829707915853,0.3337305081897962,3.7558505884205435,85.62529741437453,0.003049079010093219,0.06951242892464217,0.06646334991454896,raw_train,,valid_stored,,/app/results/lstm/ganymede_h30_per_well_49_22-Z06.json,
ganymede,lstm,30.0,per_well,49_22-Z06,test,ganymede_z06,0.20984239557305606,0.25160753628581933,3.1298513151605993,70.59233458549797,0.0029725946422540436,0.06704548377637184,0.0640728891341178,raw_train,,valid_stored,,/app/results/lstm/ganymede_h30_per_well_49_22-Z06.json,
ganymede,patchtst,30.0,per_well,49_22-Z06,cv_fold_0,ganymede_z06,8.102962416270362,8.10296783081963,6.259620795137515,142.8324169432318,0.05673055591778478,1.2944813562132642,1.2377508002954793,raw_train,,valid_stored,,/app/results/patchtst/ganymede_h30_per_well_49_22-Z06.json,
ganymede,patchtst,30.0,per_well,49_22-Z06,cv_fold_1,ganymede_z06,10.860894234975179,10.860894544610053,4.694867630753222,107.0688871921102,0.10143837785002689,2.3133547288600997,2.211916351010073,raw_train,,valid_stored,,/app/results/patchtst/ganymede_h30_per_well_49_22-Z06.json,
ganymede,patchtst,30.0,per_well,49_22-Z06,cv_fold_2,ganymede_z06,12.576441923777262,12.576442074188387,3.7558505884205435,85.62529741437453,0.1468776436818071,3.348493670794839,3.2016160271130323,raw_train,,valid_stored,,/app/results/patchtst/ganymede_h30_per_well_49_22-Z06.json,
ganymede,patchtst,30.0,per_well,49_22-Z06,test,ganymede_z06,0.1413596242051089,0.16636218622394672,3.1298513151605993,70.59233458549797,0.0020024783857219095,0.045164964712662535,0.04316248632694063,raw_train,,valid_stored,,/app/results/patchtst/ganymede_h30_per_well_49_22-Z06.json,
ganymede,tcn,30.0,per_well,49_22-Z06,cv_fold_0,ganymede_z06,3.361192461182368,6.362681611029416,6.259620795137515,142.8324169432318,0.023532420252457543,0.5369642301324944,0.5134318098800369,raw_train,,valid_stored,,/app/results/tcn/ganymede_h30_per_well_49_22-Z06.json,
ganymede,tcn,30.0,per_well,49_22-Z06,cv_fold_1,ganymede_z06,3.6323208094826995,7.149893468821948,4.694867630753222,107.0688871921102,0.03392508229739369,0.773679067262637,0.7397539849652434,raw_train,,valid_stored,,/app/results/tcn/ganymede_h30_per_well_49_22-Z06.json,
ganymede,tcn,30.0,per_well,49_22-Z06,cv_fold_2,ganymede_z06,0.24861121084941445,0.3019484282088502,3.7558505884205435,85.62529741437453,0.0029034785087669467,0.06619305134658285,0.0632895728378159,raw_train,,valid_stored,,/app/results/tcn/ganymede_h30_per_well_49_22-Z06.json,
ganymede,tcn,30.0,per_well,49_22-Z06,test,ganymede_z06,0.15819952269107249,0.17786528004281826,3.1298513151605993,70.59233458549797,0.0022410297608087886,0.050545379559972785,0.048304349799163995,raw_train,,valid_stored,,/app/results/tcn/ganymede_h30_per_well_49_22-Z06.json,
ganymede,timesfm,30.0,per_well,49_22-Z06,cv_fold_0,ganymede_z06,0.002787237921111577,0.009267171918193085,6.259620795137515,5.995820512765229,0.00046486346867413535,0.0004452726470710029,-1.9590821603132473e-05,raw_train,,valid_stored,,/app/results/timesfm/ganymede_h30_per_well_49_22-Z06.json,
ganymede,timesfm,30.0,per_well,49_22-Z06,cv_fold_1,ganymede_z06,0.002457621181383729,0.0028750969056372303,4.694867630753222,4.494501176888938,0.0005468062160092429,0.0005234697492396478,-2.3336466769595084e-05,raw_train,,valid_stored,,/app/results/timesfm/ganymede_h30_per_well_49_22-Z06.json,
ganymede,timesfm,30.0,per_well,49_22-Z06,cv_fold_2,ganymede_z06,0.002457621181383729,0.0028750969056372303,3.7558505884205435,3.594349489313926,0.000683745748344808,0.0006543447678564972,-2.9400980488310832e-05,raw_train,,valid_stored,,/app/results/timesfm/ganymede_h30_per_well_49_22-Z06.json,
ganymede,timesfm,30.0,per_well,49_22-Z06,test,ganymede_z06,0.002416525700489762,0.0028517469455202928,3.1298513151605993,2.9945963930854047,0.0008069620687681246,0.000772089616137489,-3.487245263063558e-05,raw_train,,valid_stored,,/app/results/timesfm/ganymede_h30_per_well_49_22-Z06.json,
ganymede,tirex,30.0,per_well,49_22-Z06,cv_fold_0,ganymede_z06,0.0004977384486655213,0.009012510985921065,6.259620795137515,5.995820512765229,8.301423426632361e-05,7.951575102635058e-05,-3.4984832399730337e-06,raw_train,,valid_stored,,/app/results/tirex/ganymede_h30_per_well_49_22-Z06.json,
ganymede,tirex,30.0,per_well,49_22-Z06,cv_fold_1,ganymede_z06,4.242257855348582e-09,5.23248630172411e-09,4.694867630753222,4.494501176888938,9.43877348873016e-10,9.03594773910159e-10,-4.028257496285709e-11,raw_train,,valid_stored,,/app/results/tirex/ganymede_h30_per_well_49_22-Z06.json,
ganymede,tirex,30.0,per_well,49_22-Z06,cv_fold_2,ganymede_z06,4.242257707704462e-09,5.2324861569206715e-09,3.7558505884205435,3.594349489313926,1.1802574347087785e-09,1.1295065146583662e-09,-5.0750920050412335e-11,raw_train,,valid_stored,,/app/results/tirex/ganymede_h30_per_well_49_22-Z06.json,
ganymede,tirex,30.0,per_well,49_22-Z06,test,ganymede_z06,2.4941749148175774e-06,9.071376134745316e-05,3.1298513151605993,2.994596393085405,8.328918449834131e-07,7.968988503498914e-07,-3.5992994633521724e-08,raw_train,,valid_stored,,/app/results/tirex/ganymede_h30_per_well_49_22-Z06.json,
ganymede,chronos,30.0,per_well,49_22-Z07,cv_fold_0,worst_finite_mase,0.22961438870606707,0.4254797766329857,0.9888152791004642,0.8769567657883451,0.26183091078572607,0.2322116107620725,-0.029619300023653566,raw_train,,valid_stored,,/app/results/chronos/ganymede_h30_per_well_49_22-Z07.json,
ganymede,chronos,30.0,per_well,49_22-Z07,cv_fold_1,worst_finite_mase,0.5762837705106871,1.013640420064144,0.7955432189761432,0.7040233711517849,0.8185577270934694,0.7243902741731103,-0.09416745292035911,raw_train,,valid_stored,,/app/results/chronos/ganymede_h30_per_well_49_22-Z07.json,
ganymede,chronos,30.0,per_well,49_22-Z07,cv_fold_2,worst_finite_mase,1.3795728711344575,2.604997026405749,0.7465964126748311,0.6649341474832442,2.0747511258913374,1.8478160994530652,-0.22693502643827212,raw_train,,valid_stored,,/app/results/chronos/ganymede_h30_per_well_49_22-Z07.json,
ganymede,chronos,30.0,per_well,49_22-Z07,test,worst_finite_mase,0.729364319525955,1.8454784168295992,0.8230525619445914,0.7261652274245942,1.0044054603285077,0.8861697943114555,-0.11823566601705227,raw_train,,valid_stored,,/app/results/chronos/ganymede_h30_per_well_49_22-Z07.json,
ganymede,deeponet,30.0,per_well,49_22-Z07,cv_fold_0,worst_finite_mase,0.8652151891877127,1.367082651463764,0.9888152791004642,2.5346417770044614,0.3413560042438256,0.8750018405609672,0.5336458363171416,raw_train,,valid_stored,,/app/results/deeponet/ganymede_h30_per_well_49_22-Z07.json,
ganymede,deeponet,30.0,per_well,49_22-Z07,cv_fold_1,worst_finite_mase,0.8541286557369284,1.0831627832944746,0.7955432189761432,2.1680362209986055,0.39396420016613637,1.0736420540875002,0.6796778539213639,raw_train,,valid_stored,,/app/results/deeponet/ganymede_h30_per_well_49_22-Z07.json,
ganymede,deeponet,30.0,per_well,49_22-Z07,cv_fold_2,worst_finite_mase,1.7054664161757107,2.2818336718771444,0.7465964126748311,2.0043404364641453,0.8508865984784112,2.284321739593599,1.4334351411151878,raw_train,,valid_stored,,/app/results/deeponet/ganymede_h30_per_well_49_22-Z07.json,
ganymede,deeponet,30.0,per_well,49_22-Z07,test,worst_finite_mase,2.450001378753091,3.502552925061462,0.8230525619445914,2.153631415466178,1.1376140602140874,2.9767252931751726,1.8391112329610853,raw_train,,valid_stored,,/app/results/deeponet/ganymede_h30_per_well_49_22-Z07.json,
ganymede,patchtst,30.0,per_well,49_22-Z07,cv_fold_0,worst_finite_mase,0.3894636515179576,0.5162945158377998,0.9888152791004642,2.5346417770044614,0.1536562898360497,0.39386896597335835,0.24021267613730865,raw_train,,valid_stored,,/app/results/patchtst/ganymede_h30_per_well_49_22-Z07.json,
ganymede,patchtst,30.0,per_well,49_22-Z07,cv_fold_1,worst_finite_mase,0.6930057199000387,0.8878372710094968,0.7955432189761432,2.1680362209986055,0.31964674445376084,0.8711100834872688,0.551463339033508,raw_train,,valid_stored,,/app/results/patchtst/ganymede_h30_per_well_49_22-Z07.json,
ganymede,patchtst,30.0,per_well,49_22-Z07,cv_fold_2,worst_finite_mase,1.671433892165902,2.1782535319215834,0.7465964126748311,2.0043404364641453,0.8339071855051114,2.2387381774011685,1.404830991896057,raw_train,,valid_stored,,/app/results/patchtst/ganymede_h30_per_well_49_22-Z07.json,
ganymede,patchtst,30.0,per_well,49_22-Z07,test,worst_finite_mase,1.6974297694169256,2.894702216616927,0.8230525619445914,2.153631415466178,0.7881709735597897,2.0623588916441498,1.27418791808436,raw_train,,valid_stored,,/app/results/patchtst/ganymede_h30_per_well_49_22-Z07.json,
ganymede,timesfm,30.0,per_well,49_22-Z07,cv_fold_0,worst_finite_mase,0.2515174730320987,0.41818498192384823,0.9888152791004642,0.8769567657883451,0.2868071526946892,0.2543624459979086,-0.03244470669678062,raw_train,,valid_stored,,/app/results/timesfm/ganymede_h30_per_well_49_22-Z07.json,
ganymede,timesfm,30.0,per_well,49_22-Z07,cv_fold_1,worst_finite_mase,0.5121649073253672,0.8493124142392215,0.7955432189761432,0.704023371151785,0.7274828199061963,0.6437926879504029,-0.08369013195579345,raw_train,,valid_stored,,/app/results/timesfm/ganymede_h30_per_well_49_22-Z07.json,
ganymede,timesfm,30.0,per_well,49_22-Z07,cv_fold_2,worst_finite_mase,1.5259262519878074,2.3971012316977016,0.7465964126748311,0.6649341474832442,2.294853193753686,2.0438435359217317,-0.25100965783195406,raw_train,,valid_stored,,/app/results/timesfm/ganymede_h30_per_well_49_22-Z07.json,
ganymede,timesfm,30.0,per_well,49_22-Z07,test,worst_finite_mase,0.7560171841034476,1.6424710349612175,0.8230525619445914,0.7261652274245941,1.0411090417875364,0.9185527377707663,-0.12255630401677009,raw_train,,valid_stored,,/app/results/timesfm/ganymede_h30_per_well_49_22-Z07.json,
ganymede,tirex,30.0,per_well,49_22-Z07,cv_fold_0,worst_finite_mase,0.23409761413480748,0.4162863747390093,0.9888152791004642,0.8769567657883451,0.26694316443794597,0.23674554700223543,-0.030197617435710533,raw_train,,valid_stored,,/app/results/tirex/ganymede_h30_per_well_49_22-Z07.json,
ganymede,tirex,30.0,per_well,49_22-Z07,cv_fold_1,worst_finite_mase,0.47417732076650737,0.8541205165364198,0.7955432189761432,0.704023371151785,0.6735249711820666,0.5960421878484103,-0.07748278333365621,raw_train,,valid_stored,,/app/results/tirex/ganymede_h30_per_well_49_22-Z07.json,
ganymede,tirex,30.0,per_well,49_22-Z07,cv_fold_2,worst_finite_mase,1.3317055007449556,2.375931685403891,0.7465964126748311,0.6649341474832442,2.002762989065039,1.783701981601886,-0.21906100746315293,raw_train,,valid_stored,,/app/results/tirex/ganymede_h30_per_well_49_22-Z07.json,
ganymede,tirex,30.0,per_well,49_22-Z07,test,worst_finite_mase,0.6973518171193404,1.6765019412137945,0.8230525619445914,0.7261652274245943,0.9603211373705636,0.8472749486032055,-0.11304618876735806,raw_train,,valid_stored,,/app/results/tirex/ganymede_h30_per_well_49_22-Z07.json,
ganymede,patchtst,90.0,per_well,49_22-Z02Z,cv_fold_0,normal_control,3.616449908901635,4.603554181974546,8.588986041550392,171.46444591187142,0.021091544020504418,0.4210566755384821,0.3999651315179777,raw_train,,valid_stored,,/app/results/patchtst/ganymede_h90_per_well_49_22-Z02Z.json,
ganymede,patchtst,90.0,per_well,49_22-Z02Z,cv_fold_1,normal_control,2.7286569290088276,3.353889848636944,6.7871317310806925,128.48647110901112,0.021236920163320287,0.40203388369689896,0.38079696353357867,raw_train,,valid_stored,,/app/results/patchtst/ganymede_h90_per_well_49_22-Z02Z.json,
ganymede,patchtst,90.0,per_well,49_22-Z02Z,cv_fold_2,normal_control,2.692911534632936,3.0946912360692003,5.649473607496659,103.06509902632733,0.02612825835392686,0.4766659199999686,0.45053766164604175,raw_train,,valid_stored,,/app/results/patchtst/ganymede_h90_per_well_49_22-Z02Z.json,
ganymede,patchtst,90.0,per_well,49_22-Z02Z,test,normal_control,3.2580415344702662,3.7131927690527173,4.85136030749462,86.34543521283186,0.037732643612711635,0.6715727812335611,0.6338401376208495,raw_train,,valid_stored,,/app/results/patchtst/ganymede_h90_per_well_49_22-Z02Z.json,
ganymede,deeponet,90.0,per_well,49_22-Z04,cv_fold_0,worst_finite_mase,6.510442894890716,14.467642722988845,1.7880049593661866,5.623457824217307,1.1577294786232104,3.6411772018789827,2.4834477232557726,raw_train,,valid_stored,,/app/results/deeponet/ganymede_h90_per_well_49_22-Z04.json,
ganymede,deeponet,90.0,per_well,49_22-Z04,cv_fold_1,worst_finite_mase,1.0114562298632541,1.4120078845947026,1.4899178647529114,4.632440523788518,0.21834197863290894,0.67886710656429,0.460525127931381,raw_train,,valid_stored,,/app/results/deeponet/ganymede_h90_per_well_49_22-Z04.json,
ganymede,deeponet,90.0,per_well,49_22-Z04,cv_fold_2,worst_finite_mase,4.598872117468165,7.063238701657207,1.2948231320436898,3.995356737818975,1.1510541909653462,3.5517376880728992,2.4006834971075532,raw_train,,valid_stored,,/app/results/deeponet/ganymede_h90_per_well_49_22-Z04.json,
ganymede,deeponet,90.0,per_well,49_22-Z04,test,worst_finite_mase,3.5185918171021973,4.641439790490439,1.170239683151289,3.5650367081939662,0.986972114204317,3.006727483063239,2.019755368858922,raw_train,,valid_stored,,/app/results/deeponet/ganymede_h90_per_well_49_22-Z04.json,
ganymede,tcn,90.0,per_well,49_22-Z04,cv_fold_0,worst_finite_mase,3.8926943719661606,8.253926935898258,1.7880049593661866,5.623457824217307,0.6922243384136983,2.1771160933166795,1.4848917549029812,raw_train,,valid_stored,,/app/results/tcn/ganymede_h90_per_well_49_22-Z04.json,
ganymede,tcn,90.0,per_well,49_22-Z04,cv_fold_1,worst_finite_mase,0.943790203024197,1.3315053262028316,1.4899178647529114,4.632440523788518,0.20373498551738412,0.6334511622093447,0.4297161766919606,raw_train,,valid_stored,,/app/results/tcn/ganymede_h90_per_well_49_22-Z04.json,
ganymede,tcn,90.0,per_well,49_22-Z04,cv_fold_2,worst_finite_mase,2.516308352697059,3.7187036459443035,1.2948231320436898,3.995356737818975,0.629808179299325,1.9433606725309522,1.3135524932316271,raw_train,,valid_stored,,/app/results/tcn/ganymede_h90_per_well_49_22-Z04.json,
ganymede,tcn,90.0,per_well,49_22-Z04,test,worst_finite_mase,3.852426806712759,4.65157706622247,1.170239683151289,3.5650367081939667,1.0806135033219288,3.2919980942183757,2.211384590896447,raw_train,,valid_stored,,/app/results/tcn/ganymede_h90_per_well_49_22-Z04.json,
ganymede,chronos,90.0,per_well,49_22-Z06,cv_fold_0,ganymede_z06,0.8386977205423772,1.3679352556801792,6.147472314988549,6.105203724822432,0.13737423980340158,0.13642968647414552,-0.0009445533292560537,raw_train,,valid_stored,,/app/results/chronos/ganymede_h90_per_well_49_22-Z06.json,
ganymede,chronos,90.0,per_well,49_22-Z06,cv_fold_1,ganymede_z06,0.9943513272085197,1.4887714754978607,4.610823318559878,4.576447007412109,0.21727583114106808,0.21565591620177077,-0.0016199149392973067,raw_train,,valid_stored,,/app/results/chronos/ganymede_h90_per_well_49_22-Z06.json,
ganymede,chronos,90.0,per_well,49_22-Z06,cv_fold_2,ganymede_z06,1.001420383915942,1.4937592273053648,3.6886441502884644,3.6598601118409113,0.27362258482940405,0.2714873929591792,-0.002135191870224873,raw_train,,valid_stored,,/app/results/chronos/ganymede_h90_per_well_49_22-Z06.json,
ganymede,chronos,90.0,per_well,49_22-Z06,test,ganymede_z06,0.9643933278943269,1.474960107638153,3.07386206720462,3.049163022147869,0.3162813273312609,0.31373994890126905,-0.0025413784299918585,raw_train,,valid_stored,,/app/results/chronos/ganymede_h90_per_well_49_22-Z06.json,
ganymede,deeponet,90.0,per_well,49_22-Z06,cv_fold_0,ganymede_z06,3.054238862490978,5.8654207035319486,6.147472314988549,138.66621845541775,0.022025832221515,0.49682840458577443,0.47480257236425943,raw_train,,valid_stored,,/app/results/deeponet/ganymede_h90_per_well_49_22-Z06.json,
ganymede,deeponet,90.0,per_well,49_22-Z06,cv_fold_1,ganymede_z06,2.2039819586264953,3.650214653160444,4.610823318559878,103.9470774369712,0.02120292376630685,0.4780018244799881,0.4567989007136813,raw_train,,valid_stored,,/app/results/deeponet/ganymede_h90_per_well_49_22-Z06.json,
ganymede,deeponet,90.0,per_well,49_22-Z06,cv_fold_2,ganymede_z06,0.30856283251750954,0.4102215593941436,3.6886441502884644,83.12819133223962,0.003711891568580773,0.08365210086567415,0.07994020929709338,raw_train,,valid_stored,,/app/results/deeponet/ganymede_h90_per_well_49_22-Z06.json,
ganymede,deeponet,90.0,per_well,49_22-Z06,test,ganymede_z06,0.088462553563258,0.11476826740430957,3.07386206720462,68.76251766680464,0.0012864938132706508,0.02877896002786687,0.02749246621459622,raw_train,,valid_stored,,/app/results/deeponet/ganymede_h90_per_well_49_22-Z06.json,
ganymede,lstm,90.0,per_well,49_22-Z06,cv_fold_0,ganymede_z06,0.7247634150662887,0.9868262993088882,6.147472314988549,138.66621845541775,0.005226676137413423,0.11789616576217778,0.11266948962476435,raw_train,,valid_stored,,/app/results/lstm/ganymede_h90_per_well_49_22-Z06.json,
ganymede,lstm,90.0,per_well,49_22-Z06,cv_fold_1,ganymede_z06,2.313212964861812,4.713330084919395,4.610823318559878,103.9470774369712,0.022253756641348953,0.5016919550030188,0.47943819836166984,raw_train,,valid_stored,,/app/results/lstm/ganymede_h90_per_well_49_22-Z06.json,
ganymede,lstm,90.0,per_well,49_22-Z06,cv_fold_2,ganymede_z06,0.20374096012457296,0.25909344877001717,3.6886441502884644,83.12819133223962,0.0024509249733376077,0.0552346476980274,0.05278372272468979,raw_train,,valid_stored,,/app/results/lstm/ganymede_h90_per_well_49_22-Z06.json,
ganymede,lstm,90.0,per_well,49_22-Z06,test,ganymede_z06,0.0638424734318522,0.07973725927882261,3.07386206720462,68.76251766680464,0.0009284487479240801,0.020769465914881064,0.019841017166956985,raw_train,,valid_stored,,/app/results/lstm/ganymede_h90_per_well_49_22-Z06.json,
ganymede,patchtst,90.0,per_well,49_22-Z06,cv_fold_0,ganymede_z06,7.6771739953395395,7.677179766390919,6.147472314988549,138.66621845541775,0.055364414497304615,1.2488342528393868,1.193469838342082,raw_train,,valid_stored,,/app/results/patchtst/ganymede_h90_per_well_49_22-Z06.json,
ganymede,patchtst,90.0,per_well,49_22-Z06,cv_fold_1,ganymede_z06,10.356761762830946,10.356761951077644,4.610823318559878,103.9470774369712,0.099634949035588,2.246184910434982,2.146549961399394,raw_train,,valid_stored,,/app/results/patchtst/ganymede_h90_per_well_49_22-Z06.json,
ganymede,patchtst,90.0,per_well,49_22-Z06,cv_fold_2,ganymede_z06,12.01875384648641,12.01875399363554,3.6886441502884644,83.12819133223962,0.14458096169145418,3.258312094308827,3.1137311326173727,raw_train,,valid_stored,,/app/results/patchtst/ganymede_h90_per_well_49_22-Z06.json,
ganymede,patchtst,90.0,per_well,49_22-Z06,test,ganymede_z06,0.13640299582175314,0.15576572087105306,3.07386206720462,68.76251766680464,0.001983682396312289,0.04437511926024659,0.042391436863934304,raw_train,,valid_stored,,/app/results/patchtst/ganymede_h90_per_well_49_22-Z06.json,
ganymede,tcn,90.0,per_well,49_22-Z06,cv_fold_0,ganymede_z06,3.471221945503028,6.444387190641144,6.147472314988549,138.66621845541775,0.025032931482292152,0.564658410423357,0.5396254789410648,raw_train,,valid_stored,,/app/results/tcn/ganymede_h90_per_well_49_22-Z06.json,
ganymede,tcn,90.0,per_well,49_22-Z06,cv_fold_1,ganymede_z06,2.314958012943763,5.353715924047186,4.610823318559878,103.9470774369712,0.02227054449267656,0.5020704227866197,0.47979987829394316,raw_train,,valid_stored,,/app/results/tcn/ganymede_h90_per_well_49_22-Z06.json,
ganymede,tcn,90.0,per_well,49_22-Z06,cv_fold_2,ganymede_z06,1.0397810234774207,1.3632447374326158,3.6886441502884644,83.12819133223962,0.012508163678453116,0.28188705147828,0.2693788877998269,raw_train,,valid_stored,,/app/results/tcn/ganymede_h90_per_well_49_22-Z06.json,
ganymede,tcn,90.0,per_well,49_22-Z06,test,ganymede_z06,0.18045494823447367,0.23027081328762963,3.07386206720462,68.76251766680464,0.0026243214233208473,0.05870626081754539,0.05608193939422454,raw_train,,valid_stored,,/app/results/tcn/ganymede_h90_per_well_49_22-Z06.json,
ganymede,timesfm,90.0,per_well,49_22-Z06,cv_fold_0,ganymede_z06,0.0033611873696435327,0.00981984427961188,6.147472314988549,6.105203724822432,0.000550544669947323,0.0005467592528149179,-3.785417132405079e-06,raw_train,,valid_stored,,/app/results/timesfm/ganymede_h90_per_well_49_22-Z06.json,
ganymede,timesfm,90.0,per_well,49_22-Z06,cv_fold_1,ganymede_z06,0.0031217065879092032,0.003888946178092909,4.610823318559878,4.576447007412109,0.0006821244915221835,0.0006770388653461183,-5.08562617606526e-06,raw_train,,valid_stored,,/app/results/timesfm/ganymede_h90_per_well_49_22-Z06.json,
ganymede,timesfm,90.0,per_well,49_22-Z06,cv_fold_2,ganymede_z06,0.0031217065879092032,0.003888946178092909,3.6886441502884644,3.6598601118409113,0.0008529578979834242,0.0008463019095146587,-6.65598846876544e-06,raw_train,,valid_stored,,/app/results/timesfm/ganymede_h90_per_well_49_22-Z06.json,
ganymede,timesfm,90.0,per_well,49_22-Z06,test,ganymede_z06,0.003068702449325377,0.0038563926047597242,3.07386206720462,3.0491630221478685,0.0010064081280782896,0.000998321454324743,-8.086673753546691e-06,raw_train,,valid_stored,,/app/results/timesfm/ganymede_h90_per_well_49_22-Z06.json,
ganymede,tirex,90.0,per_well,49_22-Z06,cv_fold_0,ganymede_z06,0.0005128050763439006,0.009094674244754377,6.147472314988549,6.105203724822432,8.399475258441361e-05,8.34172241969431e-05,-5.775283874705011e-07,raw_train,,valid_stored,,/app/results/tirex/ganymede_h90_per_well_49_22-Z06.json,
ganymede,tirex,90.0,per_well,49_22-Z06,cv_fold_1,ganymede_z06,2.895972219954045e-07,5.081103044789205e-07,4.610823318559878,4.576447007412109,6.327992469406218e-08,6.280813685262959e-08,-4.717878414325912e-10,raw_train,,valid_stored,,/app/results/tirex/ganymede_h90_per_well_49_22-Z06.json,
ganymede,tirex,90.0,per_well,49_22-Z06,cv_fold_2,ganymede_z06,2.895865302379542e-07,5.080849758483702e-07,3.6886441502884644,3.6598601118409113,7.912502701976007e-08,7.850758122474557e-08,-6.174457950144944e-10,raw_train,,valid_stored,,/app/results/tirex/ganymede_h90_per_well_49_22-Z06.json,
ganymede,tirex,90.0,per_well,49_22-Z06,test,ganymede_z06,2.7405125586345898e-06,9.032664037714129e-05,3.07386206720462,3.049163022147869,8.987753487526351e-07,8.915535241068316e-07,-7.221824645803416e-09,raw_train,,valid_stored,,/app/results/tirex/ganymede_h90_per_well_49_22-Z06.json,
ganymede,chronos,90.0,per_well,49_22-Z07,cv_fold_0,worst_finite_mase,0.28409405395905796,0.47949142341427375,0.936324138045849,0.8928237605974597,0.31819723723408516,0.30341421567105503,-0.01478302156303013,raw_train,,valid_stored,,/app/results/chronos/ganymede_h90_per_well_49_22-Z07.json,
ganymede,chronos,90.0,per_well,49_22-Z07,cv_fold_1,worst_finite_mase,0.5933637270951808,1.0241440784415887,0.7503941186095818,0.7131729618443948,0.8320053603275066,0.7907361110380698,-0.04126924928943676,raw_train,,valid_stored,,/app/results/chronos/ganymede_h90_per_well_49_22-Z07.json,
ganymede,chronos,90.0,per_well,49_22-Z07,cv_fold_2,worst_finite_mase,1.451730939285785,2.475235759354891,0.7036934446108967,0.6677703632831556,2.173997258800486,2.0630161477324993,-0.11098111106798658,raw_train,,valid_stored,,/app/results/chronos/ganymede_h90_per_well_49_22-Z07.json,
ganymede,chronos,90.0,per_well,49_22-Z07,test,worst_finite_mase,1.0627912201784144,2.0707265281466793,0.7623302228382587,0.6941239896551833,1.5311259026018855,1.3941349671557015,-0.13699093544618401,raw_train,,valid_stored,,/app/results/chronos/ganymede_h90_per_well_49_22-Z07.json,
ganymede,deeponet,90.0,per_well,49_22-Z07,cv_fold_0,worst_finite_mase,0.6721301995175473,0.885738587596085,0.936324138045849,2.5352903357377783,0.2651097549038521,0.7178392313161055,0.4527294764122534,raw_train,,valid_stored,,/app/results/deeponet/ganymede_h90_per_well_49_22-Z07.json,
ganymede,deeponet,90.0,per_well,49_22-Z07,cv_fold_1,worst_finite_mase,0.8111386011937979,1.0658058513527655,0.7503941186095818,2.1707715981771067,0.37366372485937577,1.0809501048552599,0.7072863799958842,raw_train,,valid_stored,,/app/results/deeponet/ganymede_h90_per_well_49_22-Z07.json,
ganymede,deeponet,90.0,per_well,49_22-Z07,cv_fold_2,worst_finite_mase,1.4830893100354636,1.988073955968965,0.7036934446108967,1.9933397004717872,0.7440223609073975,2.1075786926728153,1.3635563317654178,raw_train,,valid_stored,,/app/results/deeponet/ganymede_h90_per_well_49_22-Z07.json,
ganymede,deeponet,90.0,per_well,49_22-Z07,test,worst_finite_mase,2.1227676332419207,2.5510398506984497,0.7623302228382587,2.0110879447425662,1.0555319765062041,2.784577561858389,1.7290455853521847,raw_train,,valid_stored,,/app/results/deeponet/ganymede_h90_per_well_49_22-Z07.json,
ganymede,lstm,90.0,per_well,49_22-Z07,cv_fold_0,worst_finite_mase,0.5454787402978928,0.9249955924978974,0.936324138045849,2.5352903357377783,0.21515434844236747,0.5825746855531586,0.36742033711079114,raw_train,,valid_stored,,/app/results/lstm/ganymede_h90_per_well_49_22-Z07.json,
ganymede,lstm,90.0,per_well,49_22-Z07,cv_fold_1,worst_finite_mase,0.7340751155236388,0.9129015579416219,0.7503941186095818,2.1707715981771067,0.3381632209211113,0.9782527572095304,0.6400895362884191,raw_train,,valid_stored,,/app/results/lstm/ganymede_h90_per_well_49_22-Z07.json,
ganymede,lstm,90.0,per_well,49_22-Z07,cv_fold_2,worst_finite_mase,1.4392213068969555,1.9800139868831348,0.7036934446108967,1.9933397004717872,0.7220150717694119,2.045239042538992,1.3232239707695799,raw_train,,valid_stored,,/app/results/lstm/ganymede_h90_per_well_49_22-Z07.json,
ganymede,lstm,90.0,per_well,49_22-Z07,test,worst_finite_mase,1.6687971544333726,2.1257368731611215,0.7623302228382587,2.0110879447425667,0.8297981989280884,2.189073848102486,1.3592756491743976,raw_train,,valid_stored,,/app/results/lstm/ganymede_h90_per_well_49_22-Z07.json,
ganymede,patchtst,90.0,per_well,49_22-Z07,cv_fold_0,worst_finite_mase,0.36692513637426805,0.5015532809582489,0.936324138045849,2.5352903357377783,0.14472706782416364,0.3918783266017871,0.24715125877762348,raw_train,,valid_stored,,/app/results/patchtst/ganymede_h90_per_well_49_22-Z07.json,
ganymede,patchtst,90.0,per_well,49_22-Z07,cv_fold_1,worst_finite_mase,0.6816150027279622,0.8742019708081455,0.7503941186095818,2.1707715981771067,0.3139966467685244,0.9083426772999478,0.5943460305314234,raw_train,,valid_stored,,/app/results/patchtst/ganymede_h90_per_well_49_22-Z07.json,
ganymede,patchtst,90.0,per_well,49_22-Z07,cv_fold_2,worst_finite_mase,1.5701850950972984,2.0265301383978715,0.7036934446108967,1.9933397004717872,0.7877157589976581,2.2313481916341047,1.4436324326364467,raw_train,,valid_stored,,/app/results/patchtst/ganymede_h90_per_well_49_22-Z07.json,
ganymede,patchtst,90.0,per_well,49_22-Z07,test,worst_finite_mase,1.694356267612298,2.9353210902060782,0.7623302228382587,2.0110879447425662,0.8425072966310222,2.222601461744466,1.3800941651134435,raw_train,,valid_stored,,/app/results/patchtst/ganymede_h90_per_well_49_22-Z07.json,
ganymede,tcn,90.0,per_well,49_22-Z07,cv_fold_0,worst_finite_mase,0.4766398897226459,0.7166773886921568,0.936324138045849,2.5352903357377783,0.188002093095165,0.5090543652088421,0.32105227211367704,raw_train,,valid_stored,,/app/results/tcn/ganymede_h90_per_well_49_22-Z07.json,
ganymede,tcn,90.0,per_well,49_22-Z07,cv_fold_1,worst_finite_mase,0.6359048511412141,0.837246941161863,0.7503941186095818,2.1707715981771067,0.29293954816582807,0.847427818756753,0.5544882705909249,raw_train,,valid_stored,,/app/results/tcn/ganymede_h90_per_well_49_22-Z07.json,
ganymede,tcn,90.0,per_well,49_22-Z07,cv_fold_2,worst_finite_mase,1.5044492553447364,1.9296138687850883,0.7036934446108967,1.993339700471787,0.7547380183059921,2.137932741687843,1.383194723381851,raw_train,,valid_stored,,/app/results/tcn/ganymede_h90_per_well_49_22-Z07.json,
ganymede,tcn,90.0,per_well,49_22-Z07,test,worst_finite_mase,1.6443469873411123,1.9077717140664816,0.7623302228382587,2.0110879447425662,0.8176405172333727,2.1570009138808452,1.3393603966474725,raw_train,,valid_stored,,/app/results/tcn/ganymede_h90_per_well_49_22-Z07.json,
ganymede,timesfm,90.0,per_well,49_22-Z07,cv_fold_0,worst_finite_mase,0.2968103265230748,0.4649138647962565,0.936324138045849,0.8928237605974599,0.3324399950158755,0.31699527381888437,-0.01544472119699114,raw_train,,valid_stored,,/app/results/timesfm/ganymede_h90_per_well_49_22-Z07.json,
ganymede,timesfm,90.0,per_well,49_22-Z07,cv_fold_1,worst_finite_mase,0.5402667526460572,0.8989156235844478,0.7503941186095818,0.7131729618443948,0.75755361118687,0.7199773282433592,-0.037576282943510786,raw_train,,valid_stored,,/app/results/timesfm/ganymede_h90_per_well_49_22-Z07.json,
ganymede,timesfm,90.0,per_well,49_22-Z07,cv_fold_2,worst_finite_mase,1.544361572881841,2.2663892826624963,0.7036934446108967,0.6677703632831556,2.3127135581292384,2.1946510724365025,-0.11806248569273592,raw_train,,valid_stored,,/app/results/timesfm/ganymede_h90_per_well_49_22-Z07.json,
ganymede,timesfm,90.0,per_well,49_22-Z07,test,worst_finite_mase,0.8905140016580155,1.8350172352690373,0.7623302228382587,0.6941239896551833,1.2829321777228762,1.1681473133027722,-0.11478486442010394,raw_train,,valid_stored,,/app/results/timesfm/ganymede_h90_per_well_49_22-Z07.json,
ganymede,tirex,90.0,per_well,49_22-Z07,cv_fold_0,worst_finite_mase,0.28610109615049517,0.47213747974654713,0.936324138045849,0.8928237605974602,0.3204452085359399,0.30555774920809065,-0.01488745932784924,raw_train,,valid_stored,,/app/results/tirex/ganymede_h90_per_well_49_22-Z07.json,
ganymede,tirex,90.0,per_well,49_22-Z07,cv_fold_1,worst_finite_mase,0.5028427352682017,0.8900156623138333,0.7503941186095818,0.7131729618443948,0.7050782379182731,0.6701048459707115,-0.03497339194756155,raw_train,,valid_stored,,/app/results/tirex/ganymede_h90_per_well_49_22-Z07.json,
ganymede,tirex,90.0,per_well,49_22-Z07,cv_fold_2,worst_finite_mase,1.4046573739548327,2.210099747077092,0.7036934446108967,0.6677703632831555,2.103503616196297,1.9961211585984435,-0.10738245759785348,raw_train,,valid_stored,,/app/results/tirex/ganymede_h90_per_well_49_22-Z07.json,
ganymede,tirex,90.0,per_well,49_22-Z07,test,worst_finite_mase,0.7507058884727825,1.6939171227693004,0.7623302228382587,0.6941239896551833,1.081515550047056,0.9847515761316701,-0.09676397391538583,raw_train,,valid_stored,,/app/results/tirex/ganymede_h90_per_well_49_22-Z07.json,
ganymede,chronos,90.0,per_well,49_22-Z08,cv_fold_0,worst_finite_mase,0.5807009704646744,1.1399487595608737,0.9896604636846846,0.9717666518459616,0.5975724412456207,0.586767878250506,-0.010804562995114675,raw_train,,valid_stored,,/app/results/chronos/ganymede_h90_per_well_49_22-Z08.json,
ganymede,chronos,90.0,per_well,49_22-Z08,cv_fold_1,worst_finite_mase,0.7294971102079615,1.2735580209504498,0.75287807220037,0.7408545809744214,0.9846697704811088,0.9689445570860166,-0.015725213395092252,raw_train,,valid_stored,,/app/results/chronos/ganymede_h90_per_well_49_22-Z08.json,
ganymede,chronos,90.0,per_well,49_22-Z08,cv_fold_2,worst_finite_mase,0.9882812303323613,1.4857150188476758,0.602258685165741,0.5922544253875518,1.668676818557603,1.6409580379241642,-0.02771878063343891,raw_train,,valid_stored,,/app/results/chronos/ganymede_h90_per_well_49_22-Z08.json,
ganymede,chronos,90.0,per_well,49_22-Z08,test,worst_finite_mase,1.0375711755086947,1.5375045144753596,0.5018476843988867,0.49329257837977264,2.1033585766009573,2.067502168016373,-0.035856408584584276,raw_train,,valid_stored,,/app/results/chronos/ganymede_h90_per_well_49_22-Z08.json,
ganymede,chronos_finetuned,,multi_well,multi_well,writer_path,writer_provenance,,,,,,,,ad_hoc_validation_fallback,ad_hoc_writer_no_y_train;eval_target_fallback;missing_current_artifact,path_audited_no_current_artifact,,"scripts/run_ganymede_chronos_finetune.py:35,337,367-369",
ganymede,ensemble_stack,,multi_well,multi_well,writer_path,writer_provenance,,,,,,,,ad_hoc_validation_fallback,ad_hoc_writer_no_y_train;eval_target_fallback;missing_current_artifact,path_audited_no_current_artifact,,"scripts/run_ganymede_ensemble.py:58-59,351,376-378",
