dataset,horizon,mode,well,chronos,deeponet,lstm,patchtst,tcn,timesfm,tirex
ganymede,7,multi_well,,0.19011855525354193,0.4499601913050618,0.3450095502097011,0.6639178547851873,0.3567867328358021,0.21532587300690156,0.1877379353285572
ganymede,7,per_well,49_22-Z01Z,6.4120434203016315e-09,0.19816922161841383,0.028586851067019973,3.898120564476694,0.0839951408047248,0.0011786843858059774,2.3488518447155566e-09
ganymede,7,per_well,49_22-Z02Z,0.4228083768510604,3.665744323241857,0.6515044048645193,1.2615877315102308,0.7856489125555888,0.4789916985826845,0.4164972947214256
ganymede,7,per_well,49_22-Z04,0.37771264571383034,5.485957956765985,3.881928329187435,1.7096011437154282,6.568684177422938,0.4199336971941901,0.3693843086903259
ganymede,7,per_well,49_22-Z05Z,8.762822574452898e-09,0.11258629336978017,0.043424481394026763,6.262117422817334,0.0827312245683008,0.0016108642701210885,3.2593694334758814e-09
ganymede,7,per_well,49_22-Z06,1.476865347819844e-06,0.07587245631455734,0.012972920001574134,0.17159454319936204,0.13928963511218262,0.0013877791488759986,1.58230800821997e-06
ganymede,7,per_well,49_22-Z07,1.3523177317040806,5.860596254347207,3.971800691281027,3.0969522448420475,4.413447321975216,1.498863448180109,1.335298023092404
ganymede,7,per_well,49_22-Z08,7.342634821116295e-08,0.6498215086608052,0.34208890164449723,0.131568200646029,2.7232801849289805,0.013497920312076687,2.7309492896940917e-08
ganymede,14,multi_well,,0.14264029112222165,0.31351624466031336,0.2304663361196613,0.47936498821229745,0.21381325268219933,0.15496531564885954,0.14108165741343617
ganymede,14,per_well,49_22-Z01Z,5.46870262399828e-06,0.01868289294762615,0.00756813572690249,2.4336311843296685,0.04645456809850854,0.0007540992929824023,1.3106393824372166e-09
ganymede,14,per_well,49_22-Z02Z,0.3088622943352185,2.04829307204895,0.3745511805308289,0.705138424810048,0.5150486858204731,0.34085616850598777,0.31002490946408534
ganymede,14,per_well,49_22-Z04,0.24088098832785423,2.408408507809716,2.1129637181774483,0.9300704001778829,3.12023537781955,0.2539421965705822,0.23364052261188514
ganymede,14,per_well,49_22-Z05Z,7.434845602473835e-06,0.03393939986648065,0.0294010850360045,3.872255391783444,0.053323287099375324,0.0010251856934737995,1.6938528427320648e-09
ganymede,14,per_well,49_22-Z06,7.213083123683606e-06,0.040700415569908166,0.006450433643295026,0.051756760985303296,0.0710193893187763,0.0008568612676376359,8.783337198787215e-07
ganymede,14,per_well,49_22-Z07,0.8800426812750449,3.7321311654324387,1.9194736937342238,1.980908060613807,1.9036094528542613,0.9237754723559652,0.8525782459456323
ganymede,14,per_well,49_22-Z08,7.18091022129536e-05,1.0048540364314777,0.17769731654864898,0.05208866760148365,0.3942804342076415,0.005761892069524349,9.531243282547828e-09
ganymede,30,multi_well,,0.16256881102359,0.25162813870456313,0.21948127633518427,0.3937634699191994,0.22396728166974678,0.16619421095118853,0.15462826646440572
ganymede,30,per_well,49_22-Z01Z,0.003721275763499645,0.03888133298403276,0.010036237606195243,2.3036051867728773,0.15312547214476324,0.0006846148936208951,1.1879647270758345e-09
ganymede,30,per_well,49_22-Z02Z,0.3506020881587035,1.1223314585437891,0.412761746905489,0.69288207419648,0.6000426722708548,0.3651841083369805,0.3399841076429083
ganymede,30,per_well,49_22-Z04,0.2561385399664468,2.5989086911569945,1.693925310188972,0.8499680730016351,3.266540952605122,0.2498983490993974,0.24254686619708202
ganymede,30,per_well,49_22-Z05Z,0.005037041938514121,0.07240246497945592,0.015070035901394288,3.684022591699999,0.1527523771945106,0.0009266453554418705,1.5996188723283032e-09
ganymede,30,per_well,49_22-Z06,0.004075896979527538,0.028680883739558634,0.06704548377637184,0.045164964712662535,0.050545379559972785,0.000772089616137489,7.968988503498914e-07
ganymede,30,per_well,49_22-Z07,0.8861697943114555,2.9767252931751726,1.7427703868978153,2.0623588916441498,1.713253169261383,0.9185527377707663,0.8472749486032055
ganymede,30,per_well,49_22-Z08,0.028486954291038154,0.7577685679090691,0.08508564941636676,0.21352277275778533,0.37117223459611076,0.0048786440456677505,8.421020736856673e-09
ganymede,90,multi_well,,0.4382742752747089,0.2593056046016142,0.2205371055760401,0.46202168894659995,0.26043823164220303,0.18606247943925958,0.1719938954523763
ganymede,90,per_well,49_22-Z01Z,0.29330576363266314,0.0656227974399309,0.008378196698015384,2.2431513226453017,0.13473344819961394,0.0008917560557157488,8.31002231924795e-08
ganymede,90,per_well,49_22-Z02Z,0.41031487864749605,1.2187986344044963,0.5056612637165996,0.6715727812335611,0.5150789504207607,0.3877152319552034,0.37154387620151347
ganymede,90,per_well,49_22-Z04,0.5700441804963676,3.006727483063239,1.723222200652043,0.9661690767438669,3.2919980942183757,0.30342559944550473,0.28752091383978834
ganymede,90,per_well,49_22-Z05Z,0.39124933671426204,0.03403643586917316,0.011274443940823711,3.5043090679460303,0.08083547848927278,0.0011895424900668409,1.1034587995553478e-07
ganymede,90,per_well,49_22-Z06,0.31373994890126905,0.02877896002786687,0.020769465914881064,0.04437511926024659,0.05870626081754539,0.000998321454324743,8.915535241068316e-07
ganymede,90,per_well,49_22-Z07,1.3941349671557015,2.784577561858389,2.189073848102486,2.222601461744466,2.1570009138808452,1.1681473133027722,0.9847515761316701
ganymede,90,per_well,49_22-Z08,2.067502168016373,0.19635079398560928,0.08391254002799264,0.156235521805123,0.4027899861390967,0.006220426406168206,5.770567327779998e-07
inner_mongolia,7,multi_well,,5.079483602781051,9.05068996168856,6.666043286583422,6.562415656045679,7.528857944029486,6.323816706328826,5.038834087978233
inner_mongolia,7,per_well,54-16X,2.5157471175087878,5.488559178467124,6.469639768799437,6.128433175473317,4.121184174473667,4.307234738524057,2.679321151173384
inner_mongolia,7,per_well,54-21X,6.181366053409697,25.39578961391537,13.074125212066914,8.776054746364554,12.867681649995765,7.325399921894236,6.14814928913522
inner_mongolia,7,per_well,54-22X,5.711779325044049,18.836572552088526,12.999387889190917,10.517588867078969,18.471002322754575,8.556935653133904,5.61121631379852
inner_mongolia,7,per_well,55-15,2.7421373481336846,4.853875624285437,2.7909684140761577,3.6664195513510647,3.491817392260566,3.074370200979651,2.93268791837606
inner_mongolia,7,per_well,55-16X,4.356306239839095,21.606959711670253,9.230719243336274,6.850057432897107,14.224045981983366,5.248230190517439,4.640029197489662
inner_mongolia,7,per_well,55-21,7.84849190587317,17.454702331554216,9.306477512619868,8.845354923511751,10.85046491184006,8.999803460976041,7.120265967965326
inner_mongolia,7,per_well,55-22,6.627243986222238,16.781629133682994,9.899909624819282,11.94408407903501,14.555519667095355,9.013342352365557,6.572004982582803
inner_mongolia,7,per_well,56-21,2.440342882022848,20.30330580799187,7.025018814814889,5.196118441332188,6.805686249686239,3.1122674551233462,2.8207120589562975
inner_mongolia,7,per_well,56-23,3.3576533230319345,24.996947376624806,13.888929989217809,5.401920442845561,19.07437288392692,5.494413136126921,3.2181192082730745
inner_mongolia,7,per_well,57-14X,0.6700776342688948,0.8833148983059846,0.6458555008967526,2.4869161236391477,0.7399419646689412,2.8299525893473767,0.5298306255501813
inner_mongolia,7,per_well,57-15X,0.7334644909562302,1.1632066698774128,0.46462470115924626,2.1713740201997473,0.5541730925106,2.522717907437914,0.49720287249626216
inner_mongolia,7,per_well,57-21X,2.881570271762296,11.210353605844167,11.705756899088138,4.833036617354049,5.184430196439685,3.7391106182006797,3.432700103855635
inner_mongolia,7,per_well,57-22X,4.016092968694841,13.409398118710266,7.637044672872211,6.104978591451495,5.4140257084582615,4.930812996176608,5.086676605995919
inner_mongolia,7,per_well,57-23X,7.787277978503109,15.687626353838201,9.490039706314475,10.33736880973968,12.945804497413828,8.36579951389147,7.999898916290859
inner_mongolia,7,per_well,58-18X,2.2217770991152044,7.462112389335781,2.7678907715599355,3.8326384610084556,3.414269759941961,3.4738542808297175,2.499679348941171
inner_mongolia,7,per_well,58-24X,5.576124979672089,12.648332379900404,8.311286067411432,8.182295777337787,8.92972548245878,6.002221011489205,5.590779545916073
inner_mongolia,7,per_well,58-25,9.40961754085512,17.48275735066361,15.090501731627079,12.51384261419336,16.52742133936233,11.890715895171985,9.31574720855346
inner_mongolia,7,per_well,59-18X,2.5359672486095053,13.859248144742377,4.194592599116108,3.3516919088844785,6.3537654482899475,2.829872043109901,2.516285149968268
inner_mongolia,7,per_well,59-19X,4.763183713282421,8.27589705703283,5.745883442939332,8.638007966590973,5.696741676946454,4.7396730296338,3.74362037420078
inner_mongolia,7,per_well,59-20,7.2706090327117225,22.32826333995024,13.140589221844706,10.449387331255956,16.500064301049974,7.686914804536051,6.5279317897333575
inner_mongolia,7,per_well,59-24X,5.385668607063462,17.973631587884732,11.167054365679913,10.253412157739948,16.06937640586447,7.582067979991589,5.380693095538936
inner_mongolia,7,per_well,59-31X,4.369525163250257,22.618083838990074,6.173581023362193,7.397055369842564,7.041990990595308,5.235423274002803,4.367926371796215
inner_mongolia,7,per_well,59-32X,3.374283595716427,12.272253166649039,7.363779875200048,5.5782536185354825,6.714993102429704,3.6646581749187073,3.452176463818825
inner_mongolia,7,per_well,60-28X,2.111793098858041,12.109130845867535,3.7472842266011908,2.252596643421589,2.818828364746696,2.0601584125619814,1.8390211538640475
inner_mongolia,7,per_well,60-29X,1.4085088819073355,10.428091328122827,6.119810913399248,4.120061281175781,2.4270584000125797,1.7736966058477015,1.6323432203480999
inner_mongolia,7,per_well,60-30X,3.5694730867952535,14.10859033087846,10.132947778808521,7.891692269157573,14.164052378696978,5.110626763835618,3.6549780233246496
inner_mongolia,7,per_well,60-31,5.222326544781695,8.925278048203454,13.801770604995454,8.14847065429372,8.23776027271897,5.854965239816913,4.6565481670922555
inner_mongolia,7,per_well,60-32,2.137097006976734,9.602322149948922,5.828916542670498,5.454380493334996,5.5565100609237525,3.5198125377084923,2.7287524716946425
inner_mongolia,7,per_well,60-34H,4.523677588923583,18.87729849469883,13.227765641485918,8.963937595515345,14.793040072803025,6.789463849151731,4.614055269525748
inner_mongolia,14,multi_well,,1.5547408150383388,2.748728262015729,2.012451257936503,1.9750170269384681,2.2148247679882305,1.8661883165517792,1.5720507634394276
inner_mongolia,14,per_well,54-16X,0.8977053686466517,2.716287084919666,1.5406764812943485,1.6898427492347745,1.4726471602339197,1.722822830853991,0.8883078923270364
inner_mongolia,14,per_well,54-21X,1.8136400398334724,5.491678594819474,2.7671415360091354,2.1585111509622696,2.6157840596891755,1.9625865938953908,1.7869780415027654
inner_mongolia,14,per_well,54-22X,2.0888266782083655,8.744856526195324,4.337652049476061,3.790324967536969,4.8635933592941125,2.7645743735692663,2.0193163654550106
inner_mongolia,14,per_well,55-15,0.7641269278626204,2.479888568178366,0.8153629058876425,1.0617131836993823,0.9381094995547615,0.892518872415723,0.8234095499149472
inner_mongolia,14,per_well,55-16X,1.188714791499831,4.878591143068308,2.1922817557045895,1.6933273121001997,3.1609980339573926,1.4000114334282094,1.3138574742113363
inner_mongolia,14,per_well,55-21,2.265811078186658,3.949140154175609,2.5886450662627527,2.3919040998037446,2.6695389209546714,2.5765377222974326,2.212755279898018
inner_mongolia,14,per_well,55-22,2.0089111625519642,5.759491328818113,2.895333132812278,3.267937206041983,3.879506665185223,2.6377019940108215,2.0486205237221884
inner_mongolia,14,per_well,56-21,0.6659467829914699,8.053805903170286,4.216801820855474,1.1717923581828054,1.7928702216124281,0.9091774909346662,0.7232578776736388
inner_mongolia,14,per_well,56-23,1.029982185901688,6.524481862304038,4.2906287285829245,1.4769856075888135,3.545003004365164,1.5115437626879846,1.0266965230215206
inner_mongolia,14,per_well,57-14X,0.9397244645957725,0.4550822893545044,0.7620356072522817,2.189599724046398,0.7389824746280652,16.327437696913826,0.6689170435571109
inner_mongolia,14,per_well,57-15X,0.8176802547550323,0.6203684486172325,0.6144268252343237,1.8441583430018893,0.5916791610913995,14.088058812441952,0.5971723966968342
inner_mongolia,14,per_well,57-21X,0.977092038332972,6.5268319378973505,3.736194303910892,1.5860273030646552,1.3923696890452832,1.256769554503135,1.0784600192592275
inner_mongolia,14,per_well,57-22X,1.2467340995338594,4.173530216069511,2.433034660488077,2.21400465184084,2.089746559240751,1.7132646876691136,1.4551572947559872
inner_mongolia,14,per_well,57-23X,2.189500278870991,3.8515422458291493,2.472803645987965,2.9379751556863574,3.2717960148684453,2.294292068003562,2.1896643976073005
inner_mongolia,14,per_well,58-18X,0.6773978061935136,1.9679543092476393,0.6655600000709468,0.871901601527314,0.6190308250515454,0.7968248942262187,0.7470770457633417
inner_mongolia,14,per_well,58-24X,1.6742365223880644,3.9813539081061,1.911821041720015,2.450610078013252,1.997326430331101,1.707903425235239,1.8066491743976167
inner_mongolia,14,per_well,58-25,3.0809162620860606,7.6959246621029544,4.3368866525368,3.954491928204953,4.351035605510055,3.6853934966430772,3.1823133716922447
inner_mongolia,14,per_well,59-18X,0.8419516474642147,3.335906365457971,0.9765626394334452,1.0628052174221516,1.5460404147574378,0.7500698697670553,0.8194311784798352
inner_mongolia,14,per_well,59-19X,1.437971332042746,3.383203077137195,1.4210296044219721,2.2859258899814363,1.7705886213058082,1.4229136345581133,1.1026544625463865
inner_mongolia,14,per_well,59-20,2.2054806139507517,6.12405773937458,3.583035635916998,3.1659948738082426,4.001685319202134,2.1844513501100096,1.972042394178752
inner_mongolia,14,per_well,59-24X,1.9260304674298208,5.769306067814761,3.4671420308422767,3.277783720564956,4.0875054743604,2.666053451585774,2.1389791887355556
inner_mongolia,14,per_well,59-31X,1.3166488343513207,4.182358982355586,1.2306653532922223,1.7860799879191844,1.4240452224946634,1.3858136796575458,1.2369114785644566
inner_mongolia,14,per_well,59-32X,0.9398678639328789,4.028953512846877,1.7278211085439448,2.0087970807753575,1.6077204864369208,0.9675316736695243,0.9980880611226073
inner_mongolia,14,per_well,60-28X,0.6147424783762161,4.617035019228519,2.1731914500506786,0.691522607636738,0.825110358609111,0.6196511137313222,0.6026258587190078
inner_mongolia,14,per_well,60-29X,0.3413304857474061,3.400436431722249,0.906507854174543,1.1995874570577703,0.6952284813018011,0.4070730908905108,0.36131411802138513
inner_mongolia,14,per_well,60-30X,1.0525055905805267,5.165657652334569,3.5708720485282766,2.0429432496536544,3.361067946239457,1.3744026660204187,1.025886214060357
inner_mongolia,14,per_well,60-31,1.4077354630173695,4.825888499689607,2.4947482845646585,2.12029834425416,1.5582479388800776,1.5949423855469649,1.3434179584572294
inner_mongolia,14,per_well,60-32,0.7444464974406199,2.2194696462718153,1.2290986216900879,1.5425812741191787,1.393312973138103,1.1565405232419539,0.9145445843303478
inner_mongolia,14,per_well,60-34H,1.314593866324074,5.5322166345837465,3.1537531157502987,2.2108859002088184,3.339286796976152,1.8936980193535975,1.3817863411253146
inner_mongolia,30,multi_well,,1.5652275084252558,2.5755260948014542,2.0291015472622775,2.091359651483936,2.046476153948396,1.819917758391334,1.531758373650217
inner_mongolia,30,per_well,54-16X,1.0623392437277004,6.916335434420845,1.356087583646017,2.1640611249286836,1.2113373297239893,2.0409662769739025,1.0835583720474946
inner_mongolia,30,per_well,54-21X,1.9246767038865806,3.4048048089597147,2.5367916295737314,2.2076673963356686,2.3812141218547276,2.059270384159875,1.7948269142971984
inner_mongolia,30,per_well,54-22X,2.8554252792919224,4.169215860630892,3.6212108427007506,3.370113214421927,4.131634248964808,2.8831769808356182,2.591119098170902
inner_mongolia,30,per_well,55-15,0.6525765200292377,2.0579541512470287,0.7649582892134251,1.1598354186739597,0.8688578653707468,0.7940143505001973,0.6650019037082674
inner_mongolia,30,per_well,55-16X,1.0059409112467363,3.590641660181799,2.684019821088616,1.5311969417190463,2.527865202496427,1.1832404596494135,1.0685660366068623
inner_mongolia,30,per_well,55-21,2.0991755172526894,3.4001913585480112,2.371538007305949,2.181036775474863,2.295056540006029,2.3682071635474395,1.9611287203722962
inner_mongolia,30,per_well,55-22,2.0209669416189215,5.650005134156249,3.141037801534551,2.6804384061793427,3.0981287597018228,2.5522029798925714,2.093195323802852
inner_mongolia,30,per_well,56-21,0.7453824503622614,7.637054354557704,1.247362658101041,1.194829990564177,0.8443784048386461,0.8860963003786652,0.7021173333316799
inner_mongolia,30,per_well,56-23,1.021555142901064,4.584590682423018,2.923197660906535,1.4942938117235731,3.048374196712547,1.4942455119171092,1.0611773190187754
inner_mongolia,30,per_well,57-14X,0.6609231509733602,0.8584537519405259,0.6114599653589416,1.3444868125290237,0.7145681741684694,15.10455590280495,0.5073556333116446
inner_mongolia,30,per_well,57-15X,0.440661799342947,0.4706882676471227,0.4301355559572104,1.0647535033047149,0.44629375636442575,12.49286911956561,0.4370271705991983
inner_mongolia,30,per_well,57-21X,1.1178180726658187,7.229381442979471,2.685054141349295,1.5857333352110239,1.3718579006950586,1.4760017448775626,1.1953199352322155
inner_mongolia,30,per_well,57-22X,1.0521721279918292,4.57250304422324,1.3067920438541234,2.5311336327181144,2.481884289504244,1.699713099928969,1.1465174656192405
inner_mongolia,30,per_well,57-23X,1.8975067376914467,3.9731484812979945,1.9319481156254992,2.444710747617154,2.665476602370952,1.8677964328563932,1.8416708627226732
inner_mongolia,30,per_well,58-18X,0.8030480532228887,2.2707278491413287,0.9457448392096294,0.8251619398556553,0.9058236368470034,0.5864574228798259,0.7655905254389339
inner_mongolia,30,per_well,58-24X,1.5947964830830161,3.3519799517263573,1.6692777614730756,2.080028823636978,1.575859666386578,1.6722222144478034,1.6743627528659946
inner_mongolia,30,per_well,58-25,2.9025228341713447,5.193498504566331,3.745590590483675,3.6306027837482597,3.8206590672020737,3.4606015587233303,2.909754472997488
inner_mongolia,30,per_well,59-18X,0.8529311266812799,1.4298459069486882,0.8911283763983975,0.7479983671396009,1.1365922329159035,0.5463530829511365,0.7131335425259633
inner_mongolia,30,per_well,59-19X,1.1328168227474222,3.291970488718589,1.5591161297672842,2.676515104219645,1.3356394688064754,1.2070487417981992,0.8666495114438983
inner_mongolia,30,per_well,59-20,2.0412742320008324,5.299740710377798,3.142052380485466,3.173069238920627,3.3285214388617472,1.9660770238447671,1.7158193373277353
inner_mongolia,30,per_well,59-24X,2.3727826626915673,5.9749965992201455,3.8648453353111973,3.4049798872073778,3.7376743895309277,3.1469664079206017,2.434982482357919
inner_mongolia,30,per_well,59-31X,1.3910298818116924,3.218248537798994,1.2064009912303972,1.4966880086552472,1.3285068522040608,1.2748290809699083,1.1999274982924926
inner_mongolia,30,per_well,59-32X,0.9313755423861766,3.825814205284768,1.4121781798723527,1.4679421489777666,1.5104031561404931,1.0185596028613546,0.997861223777896
inner_mongolia,30,per_well,60-28X,0.37816089130829456,4.938174660716618,1.631158476208853,0.4685602671064971,0.566676929933232,0.4037801036738917,0.37256010677066875
inner_mongolia,30,per_well,60-29X,0.2432977342903942,4.230606830495784,1.2852763468694,1.1282671414150192,0.483150220669003,0.29376688224177505,0.2477697772532184
inner_mongolia,30,per_well,60-30X,1.0108691896436368,4.04030663583775,2.617845180992331,2.0711638918187045,2.662443709781468,1.3707460233999447,1.0033252037446305
inner_mongolia,30,per_well,60-31,1.5803687066693617,2.889571313676263,2.0873572749240155,1.7125184986479445,1.7990265313268012,1.7097237017829423,1.5173369229917097
inner_mongolia,30,per_well,60-32,0.9942810949351639,3.3356882906397733,1.228789563799882,1.69934295696833,1.270761145867279,1.3703201246926444,1.140242687464715
inner_mongolia,30,per_well,60-34H,1.200323261346427,4.405123500856094,2.420140064323749,1.9836701929411855,2.3689804936526513,1.7966155359531641,1.323366146339632
inner_mongolia,90,multi_well,,2.034851889528568,2.783790121042513,2.2648080335268554,2.7846126492794183,2.3082253044243854,2.2838123401908517,1.9978388506956468
inner_mongolia,90,per_well,54-16X,2.678332416597919,4.488924166470793,2.384520779272137,3.5682821889048997,2.443262536738144,3.6330717098759804,3.080891349406531
inner_mongolia,90,per_well,54-21X,2.1918329651024506,2.842038350787814,2.429799712859682,2.3486149379270285,2.3647114402581537,2.2112163296913057,2.1625977097584452
inner_mongolia,90,per_well,54-22X,3.3324025671962776,4.847343075883106,4.7086327641291605,3.753374951522937,4.629834296062384,3.188278083440675,3.0279297550805717
inner_mongolia,90,per_well,55-15,0.6169546175464636,2.2849682776397975,0.7553281634395482,1.409196969061606,0.7929597432773594,0.8238462729463238,0.6383895638583278
inner_mongolia,90,per_well,55-16X,1.4658426225145136,15.913791066125732,1.439597832063031,1.8821946761006918,6.104865458218393,1.8494095877429881,1.5602242463065075
inner_mongolia,90,per_well,55-21,2.2445038127364976,2.6401505651351793,1.7872297920939482,2.236951006553418,2.037704830810126,2.5051642102872616,1.9413168352316403
inner_mongolia,90,per_well,55-22,2.8108046053365525,4.192138622103983,2.47233168575472,2.8143373342835205,3.3648575806874335,3.2194823181755208,2.8625918947347433
inner_mongolia,90,per_well,56-21,0.8514888084508768,2.4915044017260946,1.1922467063524287,1.188481711246211,1.0357033068591892,1.1048414450202388,0.7722748640022367
inner_mongolia,90,per_well,56-23,1.6742023909223445,4.1074200637426586,3.0533819408706098,2.1524916266263006,2.907388225598919,2.397823923140439,2.1516436678548607
inner_mongolia,90,per_well,57-21X,2.0964726039934454,4.082063369715744,2.8696781627078485,2.3437710846116167,2.23472161158536,2.4843440639357866,2.1344829047148854
inner_mongolia,90,per_well,57-22X,2.9649318855654085,3.7373836989477036,2.016726834168801,3.8734871556207837,2.1187853974053605,3.886743118450908,3.0203943321859454
inner_mongolia,90,per_well,57-23X,1.9346350850221625,4.812505219744683,5.022915705674197,2.754714831755613,3.5140584228968166,1.971945677081886,1.9166657194632417
inner_mongolia,90,per_well,58-18X,1.1798556393866866,2.9672045632741133,2.4992740821118966,1.2964419956202098,2.0671868381414673,0.69240371428242,0.9718749274046367
inner_mongolia,90,per_well,58-24X,1.7511272558967164,2.7035376572710352,2.047180376131694,2.3704258668576768,1.9616776352976246,1.9920443942705262,1.8348036713682478
inner_mongolia,90,per_well,58-25,3.425764466301716,5.744093845594616,4.106140573401022,5.81141860886394,3.707966819169436,3.906303385343092,3.468682915594633
inner_mongolia,90,per_well,59-18X,1.0791109831714687,2.3909787852761406,0.7343485216406971,0.533087268052006,1.1644657594359995,0.25616891721773877,0.4009003139296382
inner_mongolia,90,per_well,59-19X,1.9089295186441022,5.064415164285048,3.7220854746307754,5.253730716877898,3.9811790751183045,1.861178428566995,1.3933116867914532
inner_mongolia,90,per_well,59-20,2.398003624018276,4.305217754079414,3.186027602052912,3.4635026765559314,3.6569162669534445,2.089013640437998,1.8421362278119897
inner_mongolia,90,per_well,59-24X,4.12654808379242,6.529439095134395,4.390982043520256,4.397623569942143,4.1144952431113415,4.6381508250944785,4.153584763026524
inner_mongolia,90,per_well,59-31X,1.165132526268761,1.8412725254397584,1.2051140439873027,1.3560840398521852,1.0761437925867152,1.2008926823875261,1.0517117414709125
inner_mongolia,90,per_well,59-32X,1.2520353566369802,2.054355265115689,1.6030104380237984,1.6131428871503042,1.423124104415284,1.398548302941155,1.1271795601157786
inner_mongolia,90,per_well,60-28X,0.3945189182897338,1.4739718286304986,0.7459637263680136,0.5126233991950407,0.5726911412180123,0.33065505232631776,0.33796298297330796
inner_mongolia,90,per_well,60-29X,0.26232419497026455,1.9473737987119766,1.0459408432933441,0.9869134639498194,0.9208013762913122,0.275139899750232,0.23932464776480075
inner_mongolia,90,per_well,60-30X,1.6512008128229216,3.2247359667744098,2.7723974442153754,2.314576970369539,2.6870684012434363,2.1940928875767094,1.668788132655744
inner_mongolia,90,per_well,60-31,1.7756354904741627,2.3083222256321396,1.4883300893392768,1.99618149475265,1.444994308680091,1.9344588309846926,1.4694621483403874
inner_mongolia,90,per_well,60-32,1.6043392399661207,2.7559364481427413,1.509888015084909,2.114192058553041,1.2900506549741118,2.0455246319132545,1.734644160385023
inner_mongolia,90,per_well,60-34H,1.906745052004747,4.146772115098852,2.5663498277453414,2.614761187312884,2.1701142818850507,2.685858599298592,2.1935120237091956
spe_berg,7,multi_well,,2.074172625199026,4.356349780066815,3.322799281399785,2.8810547709651937,3.57884001298019,2.6166682405110673,1.9854757529303946
spe_berg,7,per_well,well_1,1.7696557934002755,4.003347705964906,4.191166906260363,2.0468120899850164,4.201505232577849,2.830686567584749,1.6325070091581384
spe_berg,7,per_well,well_10,3.112367684605327,3.5687254558268418,5.312865090189643,4.831953295405901,5.091750745973305,4.84914935383343,3.0775337460331422
spe_berg,7,per_well,well_11,2.8952747573112285,5.367971916736276,5.0413073190789275,3.6386022999834955,5.082082748944966,3.4754101929108248,2.816471212452522
spe_berg,7,per_well,well_12,2.2050885000889986,5.652965130011201,6.211549428409767,2.4261762651199184,6.27673582236974,2.3185708509256777,2.210715990825626
spe_berg,7,per_well,well_13,14.580964266539896,24.36786372189335,28.069982841840364,20.393903663748222,27.15062711534367,15.41552323304468,13.790951848791284
spe_berg,7,per_well,well_14,12.463148574593166,21.65380030639842,23.497596152376442,15.208877618601427,22.745844142950137,13.110020077049185,11.688080064767824
spe_berg,7,per_well,well_15,5.575363382480254,4.985944937652486,6.4050247024164095,5.953391734051643,6.65935542003713,5.413024364807378,4.890139743867181
spe_berg,7,per_well,well_16,0.07724433172200207,2.9361497644316192,1.2012991416278858,0.29015179965467014,1.7585331501683756,0.09373008274430716,0.061950124829440276
spe_berg,7,per_well,well_17,0.05651545380182763,0.9837782987768747,0.6351873274324844,0.18329270830462382,0.9453248569369722,0.06935446688384701,0.0477477210010076
spe_berg,7,per_well,well_18,0.0830964338461636,1.749378157029795,0.6295256715817182,0.3569292684133273,1.4013177205698024,0.0865273624555187,0.06539325587690778
spe_berg,7,per_well,well_19,0.14265860887853457,2.0172086389655832,2.4821958784975555,1.9282484580376362,2.953952603411035,0.3510662364298826,0.15095773051806344
spe_berg,7,per_well,well_2,2.0314139385334924,7.6520949007116785,7.501465108390042,8.878759989472224,7.307626930476617,3.2973007486422015,2.023837189163732
spe_berg,7,per_well,well_20,1.65963555195953,11.110638946955785,31.495844268576768,3.5801596167165832,32.557069929231076,1.8487112665620695,1.390521320533507
spe_berg,7,per_well,well_21,0.15353158695259744,9.651419791227157,6.0550189930619815,1.27202779109431,4.457711867909148,0.16272173712946394,0.1409048868717716
spe_berg,7,per_well,well_22,0.28750953096657456,1.3442758498026828,1.879361878846165,0.3212403766646445,2.1062458915567883,0.29597258871897963,0.2520568842747412
spe_berg,7,per_well,well_23,12.56769327194288,571.8930702976855,15.584635335408889,10.740813156382032,105.99565250136206,10.818480284724101,10.75976479107284
spe_berg,7,per_well,well_24,3.876487512154158,28.55995523724214,13.626052019194425,16.182973623258228,83.20496117388481,4.976122445968957,5.480938545721863
spe_berg,7,per_well,well_25,17.519994291016523,24.879103992204367,34.57576388833747,104.31831948908918,34.101698920651344,25.215109173640787,19.37602866170006
spe_berg,7,per_well,well_26,17.347387895659143,23.515775017715683,30.81050454992091,83.874106096541,29.633952684313254,25.945704929623425,19.86824223244756
spe_berg,7,per_well,well_27,5.575080549760615,32.68809965068658,33.59401011061651,16.44599913862507,34.075483743834916,10.025329342881186,5.841111318437739
spe_berg,7,per_well,well_28,2.0480494989004003,3.2465544423616386,3.333538510443412,5.235021746233802,3.3857722963992463,2.939382899588239,2.17977310022304
spe_berg,7,per_well,well_29,0.12248398518330769,4.272299029158629,0.2504368140381658,0.3544611748098145,0.3058814231895614,0.1726610784314072,0.11648003830958088
spe_berg,7,per_well,well_3,4.130745533158415,20.79542772057763,9.189327720246421,10.193877242654704,11.850051893013584,6.41163345841862,3.96507770879219
spe_berg,7,per_well,well_30,6.262773261355003,8.196150960465689,8.842642661114159,5.630766545389976,8.20078910283737,6.283350862528072,5.880703359542335
spe_berg,7,per_well,well_31,6.763000159735944,9.815024899907726,8.738881766043287,13.07456395603235,8.143734611538676,7.221283876340829,6.779580362055624
spe_berg,7,per_well,well_32,14.750616819479566,20.725988883345714,20.263107515450542,12.00800045699262,20.19329687812044,17.78607021876029,13.071037969632544
spe_berg,7,per_well,well_33,4.468179202891984,6.21482666267301,7.3457706477163205,3.9204140362654574,7.607674127927273,4.291283816007491,4.155930763709179
spe_berg,7,per_well,well_34,6.649340986152536,6.118263767606817,6.616152416767964,5.676609079583481,7.4622524970440205,5.611606410239483,4.928842184404969
spe_berg,7,per_well,well_35,0.983080313499055,1.800304194483323,2.3480643828875962,1.6069721418880145,2.479364393958327,1.5079682097484792,1.3186944060935437
spe_berg,7,per_well,well_36,0.38969041519711006,1.9621643524789576,2.0785729841140945,1.062000498524978,2.365609833200733,0.4030660178051913,0.38138607295063015
spe_berg,7,per_well,well_37,5.989333617127872,14.53897209855453,14.009642295323626,14.51100394370764,15.382286023169614,7.030066901118418,6.552987244623646
spe_berg,7,per_well,well_38,4.4200492809718375,4.673090124217937,4.957510491284027,5.564863917046975,6.074881209960412,4.522310417823189,4.2999049884140925
spe_berg,7,per_well,well_39,4.341500516035518,6.059587596152745,5.065928099761073,5.076639338372423,5.550896363501759,4.52814555894654,4.323992784736358
spe_berg,7,per_well,well_4,0.3533414601482986,0.9628884403294178,0.6889222575886559,0.629535665764513,0.8885042530126895,0.3975178489949607,0.34079074877231597
spe_berg,7,per_well,well_40,4.912768881995681,6.693118147998245,6.7594680839833625,6.080556734776629,7.031590698430394,5.3090765983905115,4.585429929799391
spe_berg,7,per_well,well_41,4.2208006125407564,6.7033994213300465,7.0421212238818285,6.595708262006142,7.391329855687146,5.676701214970938,4.212974861956673
spe_berg,7,per_well,well_42,6.566330744006382,9.508236688099572,19.445647185693034,6.934469703060911,21.527922340101938,6.581705878758153,6.004313225894451
spe_berg,7,per_well,well_43,0.06297613970044218,0.33846785661796586,0.8943753630060233,0.34936220335799906,0.21857705664242244,0.06635822661180225,0.04152384512504942
spe_berg,7,per_well,well_44,0.21324776822880503,0.7307684227096817,1.480839408293393,0.3227523562557474,0.7231516976413634,0.221564107045239,0.18791755833082632
spe_berg,7,per_well,well_45,0.8096317546947679,2.8139689790876723,1.9289039890116835,0.9553498914607947,2.8769228618046614,0.7439772797207705,0.7702137619197996
spe_berg,7,per_well,well_46,0.7778471213618257,1.652799465036206,2.9299589673593074,1.4451909167136086,1.648355966485483,0.7792353555135139,0.7097433451618803
spe_berg,7,per_well,well_47,20.42645913892972,103.19142686161902,100.02651546267244,65.43831232701925,100.93948540741992,23.863461810951478,18.538729143825677
spe_berg,7,per_well,well_48,18.776241085278276,74.00997343330883,72.00931994416,49.13921725291069,72.12486442066256,17.53495175691061,16.021458098664557
spe_berg,7,per_well,well_49,2.3322462735529768,3.2995330371167677,3.3087737692241297,3.259883545961981,3.216302961782436,2.9024622839448457,2.5979038111536603
spe_berg,7,per_well,well_5,1.12015166130065,0.9445170250247202,0.9616796655922188,2.2587212244741965,0.9658068125026463,1.7231365290472649,1.1777652263976068
spe_berg,7,per_well,well_50,4.1515460296704285,4.636308397695859,4.69767438182287,4.682854697740185,4.769074894180012,4.186457866662095,3.8867574391121322
spe_berg,7,per_well,well_51,0.1433882230760636,0.7359102974975165,0.3109087575117562,0.25283406288938515,0.46735088967523386,0.18665428929210126,0.12639888047341089
spe_berg,7,per_well,well_52,0.1803733410625739,0.8571983692808368,1.1119539018756173,0.1983085910041616,0.7334378524625352,0.18814930630478655,0.1620614699510389
spe_berg,7,per_well,well_53,1.4581969129628114,9.65168456251409,8.777439087642556,4.061439072254131,9.807917191043051,2.609359385374924,1.2611174753579286
spe_berg,7,per_well,well_6,0.826722319533614,1.1782710273962789,1.389202870348647,1.2379070918888275,1.3668447938121056,0.8654143567771303,0.8484832828845753
spe_berg,7,per_well,well_7,0.4001845719747076,0.8892040284315048,0.6904785851105032,0.7954945180798922,0.7771549592448364,0.47131173204632987,0.40651184152058945
spe_berg,7,per_well,well_8,0.3224616189117202,0.485273324069174,0.801290675319344,0.4919107501689059,0.9793331394163938,0.366421190389577,0.31513548159573596
spe_berg,7,per_well,well_9,0.7364379705389573,2.984671250921824,3.193304705708956,1.1945713323639389,3.873651569014924,1.0021741205093604,0.745193113018806
spe_berg,14,multi_well,,1.0688226621825772,2.7173360977119567,1.665994601269582,1.5121583410210035,1.8911116818271745,1.3441552758819828,1.0452592647364405
spe_berg,14,per_well,well_1,1.4639758849710771,2.4957217027976593,2.490113359250771,1.7492449977142934,2.4986523939020824,2.053065288985498,1.3660206635838834
spe_berg,14,per_well,well_10,1.207770540317134,2.2224416615142597,2.199474992493436,2.8889577317488326,2.014428281221684,2.13048995119532,1.205917506285336
spe_berg,14,per_well,well_11,2.2992577399197147,2.869255906649244,2.7674202945944586,2.618652232750129,2.773272351610161,2.71027827491512,2.454533896917231
spe_berg,14,per_well,well_12,1.9187626948722323,3.1661192168337613,5.497097869247182,2.1830198882988916,5.293956226597322,1.9734243578973032,1.9764227452732452
spe_berg,14,per_well,well_13,5.794267214222441,14.170404346869288,15.039391542661415,9.648509684163688,13.258966390685504,6.316672432788013,5.1883532932986975
spe_berg,14,per_well,well_14,5.03131337260373,6.677327061194363,11.624997693468384,6.5338409224135345,11.14094941586402,5.592778659125624,4.469713810472651
spe_berg,14,per_well,well_15,5.512142214266361,6.830845435080383,6.941736003807528,5.990626290074081,6.639664578176857,5.489348979807594,5.0350669020359256
spe_berg,14,per_well,well_16,0.021283508549277498,1.6003043646404727,0.50116138165674,0.04910624419826269,0.3922693300737072,0.0281784452675549,0.015223304197023857
spe_berg,14,per_well,well_17,0.015744413596569706,1.034304119140873,0.34321322541318405,0.04031891259015565,0.282834214415501,0.023609841800906108,0.01237915087859867
spe_berg,14,per_well,well_18,0.018518932939427964,0.6021414220148488,0.45843293185643536,0.03219037775247191,0.31336035498398646,0.021638591656704596,0.013639131700848638
spe_berg,14,per_well,well_19,0.08321881687627027,0.8113027742434711,1.4285631280052484,4.427133207169503,1.378195204423598,0.2824420442690331,0.1058054946609023
spe_berg,14,per_well,well_2,1.4589805625216798,4.44347883300857,4.393085631804996,5.620989076225265,4.342270788404108,2.3693737871733482,1.6085715109738352
spe_berg,14,per_well,well_20,0.9147543647775366,17.160305606268345,17.55810136841181,2.1400493634005167,17.81115111276713,1.2531894457538901,0.7586645808233387
spe_berg,14,per_well,well_21,0.04473832395263645,1.0646907672060673,1.139693369007519,0.16489550637559294,1.2221736988247156,0.04878829709024466,0.04147024648301833
spe_berg,14,per_well,well_22,0.20294562710143857,0.8445088261888076,1.2485299676641932,0.24014885450515266,1.336787435368698,0.22798598265367181,0.1791596038324319
spe_berg,14,per_well,well_23,2.0937368585788203,69.04148565286275,2.859739411958014,1.6980072977192395,23.545269094325796,2.2287680409350425,2.317385187276149
spe_berg,14,per_well,well_24,0.7551124276988709,2.826583159701485,2.617416308490406,2.5625918478755305,7.9511948873514156,0.9749873193410918,1.0330545239483784
spe_berg,14,per_well,well_25,9.737104602325177,18.986236179174153,18.147003042640556,48.374254924932096,17.957926265762573,12.516996825426613,10.505894865418544
spe_berg,14,per_well,well_26,9.55910723779218,16.313858188394477,15.7833218678837,27.12811513183634,15.219132555267745,12.569608629184497,10.383133461318737
spe_berg,14,per_well,well_27,4.1393191780329275,17.002306411961023,14.861994259655079,9.994415631549456,15.167156442147686,6.865597565167586,4.618599566508756
spe_berg,14,per_well,well_28,0.3136988304862973,5.183160165251412,0.5923542848151685,0.9619264726629382,0.7044486867496814,0.425995608711936,0.325608981360672
spe_berg,14,per_well,well_29,0.10650707341970206,2.287988667708842,0.20221975429750083,0.21226749575958237,0.20892710898236624,0.15482089839246702,0.10004413776815016
spe_berg,14,per_well,well_3,2.6759760440616125,4.5948339105367,4.643395347878943,5.550424757432523,5.139155587705834,3.9555341676989757,2.3647880460028796
spe_berg,14,per_well,well_30,0.7666500033228831,1.1279526672484157,1.163460841187706,0.8306254500202784,1.2232391394990056,0.8311375388460193,0.7624378589376809
spe_berg,14,per_well,well_31,1.0949618452961538,1.4947037235649339,1.4858212875155832,2.4082816636026028,1.5176438547479578,1.2622305011401307,1.0708734608686958
spe_berg,14,per_well,well_32,5.395969523021488,5.203480586262382,5.107182317060965,3.5113427780927373,5.118023933440607,5.278189093154229,5.142803924550277
spe_berg,14,per_well,well_33,0.39635882395439387,1.479077979656665,0.9400724701659519,0.4079974914743009,0.9613489772708729,0.41187986118972253,0.3869320661878163
spe_berg,14,per_well,well_34,2.019600480025426,1.858099598037856,1.7856574016801743,1.7936593569244288,1.962282640073797,1.7609440016441609,1.831155441031946
spe_berg,14,per_well,well_35,0.34751580322950193,0.48616579597219556,0.7557740941594838,0.6002877124291616,0.8841610786881504,0.5048755193240431,0.41482133289084266
spe_berg,14,per_well,well_36,0.20857895559440773,1.158485767946615,1.16832809221557,0.5819136842264556,1.1480339284739627,0.21340715239441155,0.19113698855453534
spe_berg,14,per_well,well_37,2.945171391085149,6.963295178535874,7.524204081054013,6.9348688301024,7.727873335042863,3.4554387488685094,2.9650454957792216
spe_berg,14,per_well,well_38,0.6875798516420435,1.035700780622883,1.0721651365569145,1.1614168127988098,1.0342439504059175,0.7165679858088642,0.6500552129893903
spe_berg,14,per_well,well_39,0.7092597364302126,1.1648303267092064,1.095840205718278,1.1086434075653233,1.0588259526007107,0.7509848152961135,0.6881177337073889
spe_berg,14,per_well,well_4,0.22313840849113084,0.5666436280300713,0.47237037663728443,0.27095181410758834,0.47169343161006894,0.3268899940457053,0.20519277450281073
spe_berg,14,per_well,well_40,2.132811215606598,2.364976550944793,2.379054909845988,2.3688559622361054,2.3527136391968306,2.1119292990623624,2.051982554214209
spe_berg,14,per_well,well_41,1.4541885415118343,1.701596587010581,1.7009300929463025,1.573353362436823,1.6864232492508473,1.444814210189443,1.372755057133067
spe_berg,14,per_well,well_42,3.51408229601405,7.403025065596256,7.518157311251032,3.5364855598528924,12.659082441786706,3.4883864080178553,3.0305819127796383
spe_berg,14,per_well,well_43,0.031061063280256786,0.39873851392737203,0.18829786193349698,0.07230568431831913,0.09213600321708051,0.04048221770343346,0.018890355664250482
spe_berg,14,per_well,well_44,0.09947645528069607,0.6001566882957406,0.3714372137771418,0.10362015540663594,0.3075825654745061,0.09705630246958027,0.08077451199426898
spe_berg,14,per_well,well_45,0.3555030948128828,0.5516040679935923,0.6555878125242758,0.39463620279760586,0.8714341078091565,0.2916606456535148,0.30720624799099366
spe_berg,14,per_well,well_46,0.5454594113529917,0.74341590137437,1.708903164560512,0.8997964622072113,0.758514430893275,0.5010216544905521,0.47973660774725696
spe_berg,14,per_well,well_47,5.536109629589989,24.282184156881826,23.179674221863145,14.109587238415003,22.95705002607257,7.4525119316437225,5.725925577177716
spe_berg,14,per_well,well_48,7.174455624673215,23.155126892852877,22.646964537034783,16.415404445937288,22.500328178150635,7.126229615292963,6.6313280321277075
spe_berg,14,per_well,well_49,0.7020329459380051,0.9408776204236806,0.7813789207904919,1.865140275715772,0.7773368364421528,0.7169726115427236,0.7205274961542069
spe_berg,14,per_well,well_5,0.5773252528928144,0.5931551165361264,0.5486475590432529,1.529343738779646,0.5259913125644274,0.9929487870402723,0.626370605997043
spe_berg,14,per_well,well_50,1.119358160032675,1.1708780230550095,1.240369270168444,3.699928059901748,1.1943043481590925,1.151207561370276,1.1228525960020177
spe_berg,14,per_well,well_51,0.0570489117345679,0.17382904552955467,0.14893179191779582,0.11609811477702509,0.14368202541469421,0.08559985016754025,0.0526967502365028
spe_berg,14,per_well,well_52,0.05639883371769749,0.3558096697647295,0.22332366239627852,0.04665581622052916,0.07990741106024342,0.06607661604553126,0.04935191524433923
spe_berg,14,per_well,well_53,0.8595895318411829,2.9155603048775465,4.442734911966469,2.1858719232312724,4.266234109833648,1.556545870282983,0.8030097972220067
spe_berg,14,per_well,well_6,0.4531212717204843,0.7916981283650979,0.8124621666597636,0.9246237148765629,0.7840164240345695,0.4759973826355791,0.461178819037266
spe_berg,14,per_well,well_7,0.2803902239194024,0.41876417179251835,0.477918140834536,0.455392669915403,0.5080601774653114,0.3225184590690672,0.2841821654215504
spe_berg,14,per_well,well_8,0.1999209514342456,0.24520883403021584,0.47759633332689905,0.5637545549690272,0.5634638684554052,0.2376343907466773,0.1944062156256473
spe_berg,14,per_well,well_9,0.3868096901427811,1.19063720402627,1.565276198996313,0.5901025849701499,1.7401279415943158,0.47938533024649355,0.3996330864458878
spe_berg,30,multi_well,,1.1002310320527071,2.436501929994638,1.7460655822861273,1.6875873433678383,1.642007030285984,1.3495209086518427,1.1023183120489592
spe_berg,30,per_well,well_1,1.7914556790022,2.2535620805210863,2.18664458515552,1.7788757446936077,2.178443274947839,2.037608737628432,1.7785763909905128
spe_berg,30,per_well,well_10,0.9803762515959659,0.9233959300311126,1.5562172565067607,6.947344642075587,1.7241311486235278,1.8055613768748198,0.9271551163162142
spe_berg,30,per_well,well_11,1.6420085264013178,1.557411844076209,1.4905764047011634,1.74451213211063,1.4684034321779875,1.6240669815102453,1.722535095236293
spe_berg,30,per_well,well_12,1.9087468451380631,6.430723966662246,5.349929367473262,2.058821222877103,5.216749676257791,1.9600781764902593,2.017794136014304
spe_berg,30,per_well,well_13,3.0707788594989305,4.841567742578805,8.068275651746951,5.375358799186828,8.301617835901935,3.7761548774161353,2.781524751969994
spe_berg,30,per_well,well_14,2.869516115225777,7.435600634678479,6.808217290530715,4.352481630132458,7.049848794856802,3.50109684685748,2.504177363897162
spe_berg,30,per_well,well_15,5.387984162755902,5.350945799888133,6.6051046540125675,6.024924219988306,6.5897892365666,5.4755381605797,5.039248479092864
spe_berg,30,per_well,well_16,0.02361989109855856,0.24894876119869824,0.2841875683261665,0.0492368785408083,0.3277282822028088,0.04227004064473346,0.014559355855143417
spe_berg,30,per_well,well_17,0.018487703076276545,0.2863288040693054,0.2436234366549397,0.021404154651322563,0.29140792136074634,0.034760959276665934,0.012119783014204777
spe_berg,30,per_well,well_18,0.018815084460172573,1.9136829474462413,0.3071278777336226,0.03700598662515919,0.3187247491118454,0.028292991731530544,0.01246556447314195
spe_berg,30,per_well,well_19,0.2160737810546876,1.8134104571788656,2.317318899361844,43.95689640039894,2.3723736437538703,0.6574856937986958,0.3215688544397492
spe_berg,30,per_well,well_2,2.5493108251002212,3.396669058271477,3.5028866628672817,5.500549261486482,3.589956223546534,2.9511915999709646,2.693114714039758
spe_berg,30,per_well,well_20,0.9501226511329322,1.6322599836951408,13.651363686884675,1.1746402856890312,13.873164986106506,1.500387218274814,0.8154510574576996
spe_berg,30,per_well,well_21,0.04310694659295782,0.20915014110076535,0.7561388679655047,0.13105805345566818,0.878077711229149,0.05079607898313448,0.040731117340865895
spe_berg,30,per_well,well_22,0.20675075392935097,1.075095078377503,1.249748909513721,0.23779650297415572,1.244040519432769,0.2642892007918217,0.1908649638782896
spe_berg,30,per_well,well_23,1.8662500371434017,34.809964282383596,2.320134079460827,1.4115811314503801,22.876053314472404,1.9633298114576647,2.0184317206569102
spe_berg,30,per_well,well_24,0.7071705473362941,17.546961923362066,2.178079715071145,1.7424903372755676,12.237868417251748,0.9144456535989288,0.8810440851925828
spe_berg,30,per_well,well_25,8.330907423769013,8.28171555832883,13.846558110804201,45.73991251291937,14.045576571878708,9.686744184590603,8.657955394171676
spe_berg,30,per_well,well_26,8.059731716474023,11.772733797347017,11.383255324165603,17.49349636004081,11.247954174113566,9.207452863066768,8.334133901672342
spe_berg,30,per_well,well_27,6.60347345408958,13.572412901101533,13.587302592017302,9.731700848818075,13.765728801213738,9.02247434124878,7.378745701405721
spe_berg,30,per_well,well_28,0.21366055219414123,0.728882058579578,0.5454959852723271,0.39728949562001864,0.4456394526212587,0.28114088019013617,0.21891948388469046
spe_berg,30,per_well,well_29,0.1281955562973547,0.16370468708705385,0.19278667558308643,0.2643318045167272,0.2100468776578294,0.19202598120762984,0.11987221533561726
spe_berg,30,per_well,well_3,3.3221325852606953,5.200037371314796,5.0187525638651485,5.395214307461188,6.484451957684109,4.831281738477342,3.0483239916945855
spe_berg,30,per_well,well_30,0.32757148442205375,0.6599281520796607,0.6541125193449292,0.3366161323430254,0.6710242808480701,0.3700022454692522,0.29757642165446724
spe_berg,30,per_well,well_31,0.6473517655565808,1.734421472322339,0.9038181476213316,1.3518852764590723,0.9537052274934087,0.7426015454131109,0.5718198375091407
spe_berg,30,per_well,well_32,4.101531765527861,3.395632330734458,3.360062753813554,2.9078517690404904,3.3623188027644577,3.5447501955871887,4.047906041601619
spe_berg,30,per_well,well_33,0.15045104725880473,0.4097213188703662,0.5588841706043737,0.17624285121303981,0.6490120464342377,0.17042944639098936,0.14070624104832208
spe_berg,30,per_well,well_34,1.6490168075351512,1.5249854446448081,1.4040653325901649,1.315616585057557,1.4651140019066877,1.4836255506906404,1.493405845997939
spe_berg,30,per_well,well_35,0.3069478768672934,0.42036043752349855,0.7035626444234055,0.4011046239221644,0.7249940122659203,0.40813123809873725,0.33686686305268865
spe_berg,30,per_well,well_36,0.2133240394998864,0.9582761275106271,0.9816958207460525,0.3773560183240888,1.036777299062773,0.19199980834853367,0.1858947824333308
spe_berg,30,per_well,well_37,3.8654802887148736,9.938934985930876,9.80143904389513,8.873770902330177,10.044764048351897,4.607328121056949,3.8007704649295144
spe_berg,30,per_well,well_38,0.3833140365455528,0.4725065635742097,0.6383131673892082,0.5143659075303008,0.7579665485152032,0.4095723739791802,0.36412475677779826
spe_berg,30,per_well,well_39,0.39955695820551634,0.5027597972994247,0.6514137990235979,0.5960212034563794,0.7673845510400435,0.43481438920584536,0.38868015958992447
spe_berg,30,per_well,well_4,0.236978307743134,0.4758737903633618,0.4389124056912574,0.34906642508001084,0.4799478079059286,0.48563540882954825,0.22049481825519668
spe_berg,30,per_well,well_40,1.1420205327214739,1.1867240461168436,1.3119705520894689,1.7532540806451307,1.3173379026295104,1.158114209638898,1.1478974959465862
spe_berg,30,per_well,well_41,0.8610104388426171,1.1052084989612658,1.0684488832004015,1.244963490122597,1.0523557370869443,0.8372634692449109,0.8290019788476903
spe_berg,30,per_well,well_42,2.9588344562279825,9.562618887678735,10.76875428009794,3.3432072029350173,11.281847978610102,2.8384979570615565,2.3921495598875664
spe_berg,30,per_well,well_43,0.031536580708428776,0.1752373644683787,0.09228568382934446,0.039117296153977084,0.1392133154666198,0.050891050654519814,0.01819878095552753
spe_berg,30,per_well,well_44,0.10566760374187606,0.24437241666872608,0.27686771829377693,0.10425013023187417,0.2824126416152333,0.11942228833168467,0.0821223740588116
spe_berg,30,per_well,well_45,0.3691997117009217,0.47130721760206723,0.5025915773771608,0.3469990474748429,0.5883501045428262,0.22984584720091406,0.25273019411671915
spe_berg,30,per_well,well_46,0.58667305810539,1.6956041338195074,1.045565470640482,0.9789732389680175,0.8438263065604082,0.5089155245742449,0.4812810121109331
spe_berg,30,per_well,well_47,6.841263565514339,19.29921047293429,19.275579190003153,12.500633987832874,19.281529620283006,9.922318273273197,7.53937275393496
spe_berg,30,per_well,well_48,8.954660809494198,18.643503675174518,18.73825986715309,15.317855579272754,18.768122584104383,9.240436866611164,8.256121877402995
spe_berg,30,per_well,well_49,0.7193445093770432,0.5764283112265544,0.650371606532476,1.3604071289036332,0.6792334199878063,0.5790443963554847,0.6577993809842089
spe_berg,30,per_well,well_5,0.5518932995274556,0.7782499480370568,0.5372610315201419,1.626142986009692,0.530714218246822,1.0039920020003381,0.6445075873157157
spe_berg,30,per_well,well_50,0.756277051820861,0.7549775609783389,0.7579207677334513,2.846252413675955,0.7768280349488741,0.7031037195741939,0.740043972760788
spe_berg,30,per_well,well_51,0.04955822754961925,0.2325818536189115,0.11107428701027997,0.26764219676308276,0.13472629147594023,0.09009242833152567,0.04866437298004811
spe_berg,30,per_well,well_52,0.05632919182948685,0.07514644160370307,0.09146262774858438,0.062102600193156186,0.1413840169234547,0.07248064874676365,0.051587855119224854
spe_berg,30,per_well,well_53,1.1015550871889903,3.6465041306345705,3.2019793575579425,2.381738934948998,3.318303922496684,1.741640778093502,1.1127723007483397
spe_berg,30,per_well,well_6,0.39871059992521773,0.7338200331901775,0.7294886536829135,1.279607408902861,0.7288799950230919,0.4252378642488541,0.4058010184077694
spe_berg,30,per_well,well_7,0.27505363795377696,1.1124066875538674,0.44381638068419466,0.4761308813196272,0.478224750689002,0.35379803811562927,0.27922190761089427
spe_berg,30,per_well,well_8,0.22833975693520103,0.3581663728323324,0.5468873400877959,0.8693870995532744,0.580899535228635,0.26947855709327334,0.22933357792713827
spe_berg,30,per_well,well_9,0.3547272726888655,1.3823175151961908,1.2650246708289725,0.7303114891617063,1.4327205240848389,0.6533876131942579,0.35968392749134415
spe_berg,90,multi_well,,1.5329668129716403,2.8772251855689057,2.040686688578956,2.2149186869583577,1.8802257925520791,1.8571226431967165,1.6005222837867557
spe_berg,90,per_well,well_1,2.205717667843405,2.076448661486839,2.1956417404027024,2.072596128016039,2.200856049959534,2.165557309781359,1.9044635034069257
spe_berg,90,per_well,well_10,35.91215773520593,12.738762247926037,13.004168431528399,12.129408446715523,12.866334141709105,14.078404282155219,27.48667101185626
spe_berg,90,per_well,well_12,2.104783246162905,2.7283645616831937,5.811325283219886,2.4683069418879002,5.613728754061189,2.256964560578725,2.1802270282951937
spe_berg,90,per_well,well_13,2.5914880596230763,6.387831703072997,6.6234224996665025,6.005084535495623,6.510347493118046,2.483199935152134,3.1009666299430156
spe_berg,90,per_well,well_14,3.1338242040435658,5.981180724988079,5.696077351876268,5.094463434344378,5.639169141752632,2.6578039335374544,3.3997876132552194
spe_berg,90,per_well,well_15,5.442721550979891,7.0957502516254,5.926412333231993,5.671822207052596,6.576457144104671,5.375607241437177,4.917440805344111
spe_berg,90,per_well,well_16,0.09016506523621232,0.1933687908498174,0.31757964691307233,0.1102225933613567,0.30517658825541044,0.11349115777570329,0.07926900356671676
spe_berg,90,per_well,well_17,0.06699176638383694,0.28592823415085367,0.31568451409954906,0.1060130851578595,0.3114852806387315,0.09883457511400862,0.032691155878889114
spe_berg,90,per_well,well_18,0.05517726961695992,0.16933596376034898,0.26188802273932427,0.07309416868437947,0.30279535634171895,0.06503311481132232,0.04882055708243289
spe_berg,90,per_well,well_19,5.0162072727313465,14.97986589016194,15.344390901443733,14.268914318189426,15.214651044428793,8.007013941150303,5.490614889026194
spe_berg,90,per_well,well_20,1.8458202553968495,15.437294258174358,15.55684776443823,2.5558294380821387,15.511853991641875,4.044443057777681,1.397203167096122
spe_berg,90,per_well,well_21,0.060825029619908294,1.2185097303458938,0.9606645695919588,0.12839606274665746,0.9917743551559436,0.052373480139684944,0.05763569597267764
spe_berg,90,per_well,well_22,0.2948930412820636,0.8696485682536617,1.1554772314546748,0.3602026367270415,1.145202826584808,0.36552359966103753,0.271651248572698
spe_berg,90,per_well,well_23,1.8151617537373927,1.5002458541883497,1.790511683004418,1.2644963301334922,3.229444690251552,1.523162591207845,1.4203302534104445
spe_berg,90,per_well,well_24,0.7383889319913904,1.794839015849526,1.7187951291171593,7.080421473427723,1.7540237055409182,0.9279468310543558,0.7122385074796546
spe_berg,90,per_well,well_25,5.475235059752824,8.561346245828666,9.847574768134672,16.671951018028455,10.03056344092709,5.5674566502590705,5.860262364561181
spe_berg,90,per_well,well_26,5.01296819378579,6.9464799195970315,7.5804811478475616,19.468807402078646,7.405544581188551,5.398848132184888,4.774498092064152
spe_berg,90,per_well,well_27,11.052596799349702,14.29194506779863,14.59683012519582,17.814357208038228,14.575229448438863,17.133894160062432,14.981747935403765
spe_berg,90,per_well,well_28,0.18752293083072835,0.17692582592263484,0.4879215649008057,0.25571723517745487,0.5100502656432436,0.19187622724108788,0.1844616349919272
spe_berg,90,per_well,well_29,0.2146060021454935,0.5334545449858754,0.2415171375751074,0.49018357282638825,0.23546891884613097,0.24415451572686084,0.19016678849669036
spe_berg,90,per_well,well_3,7.09923211242693,7.730266994774986,7.722640832182642,9.119653361804954,7.968270901084317,10.56730380673785,7.752741653415231
spe_berg,90,per_well,well_30,0.3066743485402453,0.7574540732760465,0.7717048159472522,0.5861302569210697,0.7403178956162899,0.2445044829900738,0.15613631398426475
spe_berg,90,per_well,well_31,0.7533194867777739,2.3535467456276447,0.9145707970295296,0.7353240987411231,0.901584797586179,0.529445117887763,0.5094200282738304
spe_berg,90,per_well,well_32,1.4290421927140922,1.9487226665183432,1.5787810781084408,1.5023339258632926,1.5911984198500346,1.4744776318301533,1.432106784425582
spe_berg,90,per_well,well_33,0.08081469656434982,0.29844567470899797,0.759032574965008,0.15930344382697623,0.7121032823422409,0.1051538749317071,0.07652716129163728
spe_berg,90,per_well,well_34,2.1272008353842833,2.1996011289756887,1.861002644913485,1.5076234437819171,1.8693870158383885,1.659754295390571,1.525614266115427
spe_berg,90,per_well,well_35,0.31647712851390186,0.7703397942112287,0.7904764227800007,0.38249704128945633,0.774180609616859,0.3721857249807086,0.3205450200324732
spe_berg,90,per_well,well_36,0.2212384041583527,1.630177236765464,1.067811012022456,0.3303403561489601,1.0681907721940467,0.19540215965822613,0.18135397866482975
spe_berg,90,per_well,well_37,4.230649296123777,12.93860440506487,12.123906238246306,11.239688374734833,12.161804419259933,4.659146065888354,3.9863524010726414
spe_berg,90,per_well,well_38,0.19766898119265106,0.7101043874160675,0.6958259025661551,0.28070160608430283,0.673981951012119,0.23120007142953278,0.1657337542926065
spe_berg,90,per_well,well_39,0.21515774975712026,0.6808337214325869,0.6756239132172993,0.30876663525453485,0.6558059361266912,0.24113354966435738,0.1758428160972518
spe_berg,90,per_well,well_4,0.6265389490852575,0.5628608833958437,0.538123536885401,2.561877469452637,0.53858075108205,1.0444536242157891,0.5573747892996721
spe_berg,90,per_well,well_40,0.5085511534494698,0.6630659633862933,0.7478029020703069,0.9571856890108192,0.736713601623581,0.5241575238401416,0.5065406538560876
spe_berg,90,per_well,well_41,0.49126456417033654,0.7195776425975751,0.6677189919402228,0.6974522156449281,0.670863418637538,0.4954570736567816,0.4489227270488133
spe_berg,90,per_well,well_42,2.0864751390764167,6.449372797503168,7.928079918432358,2.84762945811702,10.947054243088001,2.7106621470919148,2.042059636101174
spe_berg,90,per_well,well_43,0.062053477116816566,0.3957609241268671,0.15461435728701703,1.115871819700477,0.21284402149740989,0.09169895274179458,0.029286654592463775
spe_berg,90,per_well,well_44,0.15910731392365368,0.3772319097577907,0.15420082721039638,0.20364866360328698,0.20382449366572122,0.1571935940255567,0.12205113575275256
spe_berg,90,per_well,well_45,0.44974655416840853,0.44925530192516056,0.47815396141141003,0.5920207392484674,0.46720043984668064,0.27788333921405495,0.26037145101179526
spe_berg,90,per_well,well_46,1.1721284483281207,1.8437186376145112,1.9232382183879062,3.1182192020239907,1.836377385487974,0.8352892156228305,0.8030581233483606
spe_berg,90,per_well,well_47,11.794472016293389,12.183870607082616,12.120320253626616,11.91425667569284,12.12261171398968,11.671346187428792,11.8720161352324
spe_berg,90,per_well,well_48,12.292980091699485,12.176334338777469,12.136321736646316,11.789686549796148,12.140979990182863,11.61385463087632,12.23831968229049
spe_berg,90,per_well,well_49,0.3865038937808741,0.6985898060101197,0.6077427645926189,0.6606786714851637,0.5827689012410839,0.4079025365709744,0.3795509774287281
spe_berg,90,per_well,well_5,1.0216963243327868,0.9151084024351098,0.8552905705805092,2.0578372362066952,0.85418239256318,1.8729418736188852,1.260289051161171
spe_berg,90,per_well,well_50,0.45778367590632213,0.7285505822296339,0.6554386711412739,1.952150740145771,0.6369109865478109,0.5173816125435527,0.46641627143642994
spe_berg,90,per_well,well_51,0.3646918638282307,1.148727451934443,0.2318530971463968,1.270122180047095,12.035245540343997,0.6338439849585017,0.22308388911203586
spe_berg,90,per_well,well_52,0.2546748678561077,1.120138251877413,0.22204194908083616,9.426547541062606,9.520190902585336,0.6035685312576566,0.13783726369081375
spe_berg,90,per_well,well_53,1.7231616151571816,4.095194117692412,3.0980409397498763,3.02649280853109,3.092272785380991,2.600678428560244,2.0555469223378875
spe_berg,90,per_well,well_6,0.39292717613969025,0.7000669778505679,0.7646625524179687,1.7893027360308882,0.7733728293443011,0.5426872773032558,0.40039520679208296
spe_berg,90,per_well,well_7,0.2366360656814815,0.5781635332848527,0.36726120913615184,1.495873405233106,0.36079869671924536,0.3482645375086415,0.2603371027935789
spe_berg,90,per_well,well_8,0.24481026461172462,0.6415427041523085,0.541896605880585,2.249510493088944,0.5805444346973853,0.46110658670337434,0.2858563361469768
spe_berg,90,per_well,well_9,0.5150395474818876,6.441800298682686,1.381570035620411,5.833028123366719,1.3789313922879147,1.0806523146856877,0.5293524757125835
volve,7,multi_well,,1.4621004073723687,6.143903056173948,5.368097185774288,2.8174322756923904,4.938356603154494,2.338928807598051,1.4247380919110038
volve,7,per_well,NO_15_9-F-11_H,1.1544466052067972,12.998766945656612,2.202475463616277,1.887131836553088,2.7828895102720006,1.3228002002262915,1.1683334325989518
volve,7,per_well,NO_15_9-F-12_H,0.7022570363607372,36.123080713102155,13.225172879464763,1.2804190630956267,3.3536660672423517,1.2228117601548283,0.6879558743446844
volve,7,per_well,NO_15_9-F-14_H,0.6442883840519282,6.155704845757336,2.6242917003996618,1.7910905834953694,4.924235323806112,1.3688908931820147,0.6066401907718038
volve,7,per_well,NO_15_9-F-15_D,5.81762986772534,70.47225524789812,30.105283987053237,12.667105896343918,23.674743616000526,7.965960739699836,6.28781830540044
volve,7,per_well,NO_15_9-F-1_C,4.1066072001166,4.117285623739184,3.3123942853401545,4.847134224750773,4.295944667782734,5.4659790834293265,3.5830840286671046
volve,7,per_well,NO_15_9-F-5_AH,0.6159308334282988,108.05425964753732,107.45574796331579,103.90031639438676,108.99988143141307,46.94899147903418,1.1204576319907065
volve,14,multi_well,,0.7823614558670977,3.753665787074851,2.5314382190481144,1.282080812523657,1.8552336728819758,1.0922094831281113,0.7315813099060765
volve,14,per_well,NO_15_9-F-11_H,0.465665080624962,7.094160541671554,3.3796116246708383,0.6942387595549804,0.7006936342948727,0.5096187146099794,0.4374386154112441
volve,14,per_well,NO_15_9-F-12_H,0.3721696631364571,30.59672900543019,4.09021014466925,0.667306838764203,2.3126055029985513,0.618003665271851,0.35416500929168065
volve,14,per_well,NO_15_9-F-14_H,0.3668697919289137,2.4445141199535207,3.0481015498457364,1.0567335815377197,1.8175464594637405,0.793220106149662,0.3472906977126636
volve,14,per_well,NO_15_9-F-15_D,1.838341180576405,12.044297400398433,5.805702140916491,3.6109558348169624,4.374702808078201,2.4774252396691367,1.8520881852914577
volve,14,per_well,NO_15_9-F-1_C,1.2778776167168957,2.6265787425213105,0.6965048083164108,1.0869785203319804,0.9588946935150492,1.3714522955550772,1.1142339397677123
volve,14,per_well,NO_15_9-F-5_AH,129.70581280492172,287.0405391730288,285.9618899062479,285.9848596902885,287.22138353716207,220.068679409484,140.6175957814089
volve,30,multi_well,,0.8810140838023554,4.3165949669213,2.5407894811948832,1.0924933360433104,1.5213451189147142,1.0970519491633168,0.8691390103694012
volve,30,per_well,NO_15_9-F-11_H,0.47007847078503034,12.979214437970485,1.9657157255357183,0.6711439339788424,0.7730548830575864,0.5133141713421044,0.42500223047432095
volve,30,per_well,NO_15_9-F-12_H,0.5658684760184669,10.797857958291448,4.889604894256588,0.6679396701467203,1.7851112083466203,0.6196104780461866,0.5543618371768226
volve,30,per_well,NO_15_9-F-14_H,0.4846687807426856,3.8412780379405183,2.2689346618971893,0.9370600533802754,2.1769703297996883,0.874426896842844,0.48174913893726257
volve,30,per_well,NO_15_9-F-15_D,1.6778405233166658,13.70072514695473,3.5180231004914475,2.2652393981895638,2.923473538282228,2.427372031255121,1.7365090161732832
volve,30,per_well,NO_15_9-F-1_C,1.2634548158057117,1.3094743340113923,0.6060564395047522,0.953812582265993,0.7264914258540351,1.2314456909974068,1.1976207568266188
volve,30,per_well,NO_15_9-F-5_AH,140.84403374711468,140.72256186618702,140.6503019589435,140.7810361950661,140.6609487842725,140.03124667557736,140.65821024961923
volve,90,multi_well,,1.1420972720739633,4.314103078316373,2.0559371282215215,1.5665013889566684,2.06351837341929,1.223634062564667,0.9985890753467751
volve,90,per_well,NO_15_9-F-11_H,0.6597271724145389,35.333039683626296,2.0943407149521254,0.7599135872457203,3.594853202867003,0.7184518881932056,0.5626816462387778
volve,90,per_well,NO_15_9-F-12_H,0.8434569804420232,11.076943402079843,2.483781717682049,1.0286565210370808,1.859288221313845,0.8148124475461233,0.719215478655788
volve,90,per_well,NO_15_9-F-14_H,0.6115060158143646,4.593756592365658,1.3287935634746795,1.1091209296764015,1.4108340120873555,0.6259934431883438,0.5984720046007627
volve,90,per_well,NO_15_9-F-15_D,2.739561299117991,3.270133382021958,2.7337728228008564,2.728397583107369,3.1963334370176346,3.4725080593955613,2.666645003664345
volve,90,per_well,NO_15_9-F-1_C,1.4963264853926992,1.560922035510599,1.411606815995091,1.2606702319913043,1.625067031848664,1.4857418877823334,1.1012202513573006
