model,dataset,horizon,mode,well,status,mae,rmse,r2,r2_prod,mase
chronos,ganymede,7,multi_well,,ok,0.7387824579862841,1.6228754458057355,0.7220212537800019,0.7337626063424602,1.6790215725626108
deeponet,ganymede,7,multi_well,,ok,1.2238618699262742,1.4687264312960158,0.11701590683888352,0.19687254495564743,9.374312173297575
lstm,ganymede,7,multi_well,,ok,0.8725664022740931,1.2795235210190232,0.32985681350122364,-0.07808227401587953,6.683523727511217
patchtst,ganymede,7,multi_well,,ok,1.0046552985116657,2.016798581564982,-0.6649305154080472,-0.5016101661993673,7.695273973502546
tcn,ganymede,7,multi_well,,ok,3.9822124845466234,7.081519014898949,-4.292904577263379,-4.50920987621246,9.050323979694564
timesfm,ganymede,7,multi_well,,ok,0.7396909341343113,1.3885877293654683,0.7964890135836689,0.825946946929642,1.681086254843852
tirex,ganymede,7,multi_well,,ok,0.6583901986635277,1.397674143663003,0.7938168952928992,0.8216060154373537,1.4963150989440104
chronos,ganymede,7,per_well,49_22-Z01Z,ok,0.024101464546843282,0.06669608031819278,-0.15006559531068153,-0.8324627849264856,0.5973427843937293
deeponet,ganymede,7,per_well,49_22-Z01Z,ok,0.23176805052342642,0.25672052320978417,0.0,0.0,0.0
lstm,ganymede,7,per_well,49_22-Z01Z,ok,0.07968140310400725,0.09247294929314118,0.0,0.0,0.0
patchtst,ganymede,7,per_well,49_22-Z01Z,ok,7.9831953048706055,7.983195817872879,0.0,0.0,0.0
tcn,ganymede,7,per_well,49_22-Z01Z,ok,0.5240683434524923,0.6495626668797956,-108.08478851008256,-48.03970421852833,12.988768943573772
timesfm,ganymede,7,per_well,49_22-Z01Z,ok,0.025267652598049077,0.06600631144765351,-0.12640071405269593,-0.7884563976514054,0.6262461739068453
tirex,ganymede,7,per_well,49_22-Z01Z,ok,0.023912404320560587,0.06587174160435891,-0.12181251488094746,-0.7492774896205006,0.5926570209304213
chronos,ganymede,7,per_well,49_22-Z02Z,ok,1.7011222148911151,2.8783660390960897,-0.047510324593515785,-0.46707453462826054,2.3271084884376956
deeponet,ganymede,7,per_well,49_22-Z02Z,ok,2.031636012762285,2.71674560942896,0.14673149531191776,-1.256556986049672,4.311374895870341
lstm,ganymede,7,per_well,49_22-Z02Z,ok,1.6625108606159413,2.3151278922703042,0.3803624295890422,-0.6220765877415408,3.528047122390735
patchtst,ganymede,7,per_well,49_22-Z02Z,ok,2.5222099666668814,2.989458096153716,-0.033172191174106525,-0.4077050770179431,5.352431569480117
tcn,ganymede,7,per_well,49_22-Z02Z,ok,3.3939549774709445,4.088864483437598,-1.113838012548058,-2.491289763388355,4.642876985956218
timesfm,ganymede,7,per_well,49_22-Z02Z,ok,1.8460925960905012,2.7325602965615,0.055926567784860826,-0.3416103379498654,2.5254256944020734
tirex,ganymede,7,per_well,49_22-Z02Z,ok,1.646598393518059,2.697622567185103,0.07991353821386171,-0.24816051313513077,2.2525207566283023
chronos,ganymede,7,per_well,49_22-Z04,ok,0.5164067492479097,0.8923581319530794,0.26730666527262903,-0.12178135263149414,1.5429258191851112
deeponet,ganymede,7,per_well,49_22-Z04,ok,3.7003247077039476,5.756476846183446,-54.8867467915947,-110.33074829405497,28.892028975869227
lstm,ganymede,7,per_well,49_22-Z04,ok,0.5823521351078507,0.716006955000219,0.13537102124242684,-0.43196428754066685,4.546988734979276
patchtst,ganymede,7,per_well,49_22-Z04,ok,1.128540985066094,1.2206239778525294,-1.512806803832734,-0.8617868788739607,8.81161557878998
tcn,ganymede,7,per_well,49_22-Z04,ok,1.970124219463608,3.0459766733827474,-7.536837547355457,-9.857864805075948,5.886359032693171
timesfm,ganymede,7,per_well,49_22-Z04,ok,0.5311287736742661,0.8083050927457519,0.39883387636459555,0.15294920738673234,1.5869124472281821
tirex,ganymede,7,per_well,49_22-Z04,ok,0.48321595706149967,0.7999672120418747,0.4111722844387672,0.1293528323712898,1.4437580017656009
chronos,ganymede,7,per_well,49_22-Z05Z,ok,0.2530046650712459,0.39115706788401017,0.16597415843855523,-0.05017696558633178,1.9040780187768003
deeponet,ganymede,7,per_well,49_22-Z05Z,ok,0.1432274409702846,0.19864827562905954,0.0,0.0,0.0
lstm,ganymede,7,per_well,49_22-Z05Z,ok,0.09263011387416295,0.1334250462395106,0.0,0.0,0.0
patchtst,ganymede,7,per_well,49_22-Z05Z,ok,9.578765051705497,9.578765274177908,0.0,0.0,0.0
tcn,ganymede,7,per_well,49_22-Z05Z,ok,0.8236203544779798,1.0274047306551444,-4.753880246158184,-7.513812692190966,6.198456381613995
timesfm,ganymede,7,per_well,49_22-Z05Z,ok,0.2642465420183449,0.38522546675051295,0.19107711297861973,0.0008067335163947087,1.9886828254855504
tirex,ganymede,7,per_well,49_22-Z05Z,ok,0.23638801622563166,0.3643781278666936,0.27626138762775276,0.17924966891469996,1.7790234242152438
chronos,ganymede,7,per_well,49_22-Z06,ok,0.2991139839841269,0.8629069014061572,0.1331057042397269,0.11447013329424793,1.2093383388797039
deeponet,ganymede,7,per_well,49_22-Z06,ok,0.10741474243570544,0.12626098510865105,-1994164.3089956688,-1994164.3089956688,23418.947664973657
lstm,ganymede,7,per_well,49_22-Z06,ok,0.1551557441956889,0.16790346694875255,-3526484.7843654454,-3526484.7843654454,33827.612214532004
patchtst,ganymede,7,per_well,49_22-Z06,ok,13.327504456171834,13.327504637697896,-22218794623.50135,-22218794623.50135,2905710.354894839
tcn,ganymede,7,per_well,49_22-Z06,ok,3.921411481426206,4.610660198438238,-23.74939001705465,-6.7015866925669645,15.854540287837592
timesfm,ganymede,7,per_well,49_22-Z06,ok,0.3534315811998601,0.854242566417955,0.15042704856710265,0.27856442767901435,1.4289481074162946
tirex,ganymede,7,per_well,49_22-Z06,ok,0.2952284830840996,0.7917578963197973,0.27016772151955204,0.20519746058866906,1.193628992423993
chronos,ganymede,7,per_well,49_22-Z07,ok,1.4567464316154166,2.6252535342195795,0.04545599873865214,-0.15372614406719665,1.6624860158719423
deeponet,ganymede,7,per_well,49_22-Z07,ok,1.3823713534412505,1.6508026055792995,0.12868960477342783,0.39354174878279546,5.143800398942389
lstm,ganymede,7,per_well,49_22-Z07,ok,0.8661406817916508,1.3535286420039283,0.4142429765116452,0.2616846569423773,3.2229073421185235
patchtst,ganymede,7,per_well,49_22-Z07,ok,1.0317834725446913,1.4815160418545987,0.29822915611958667,0.3453816550417155,3.839263758240995
tcn,ganymede,7,per_well,49_22-Z07,ok,2.1753734694742057,2.7149424196125738,-0.020879988725472476,-0.3468169171882487,2.4826063459351015
timesfm,ganymede,7,per_well,49_22-Z07,ok,1.484654511579332,2.2989307705261615,0.26800985255416887,0.20786843787593579,1.6943356169163704
tirex,ganymede,7,per_well,49_22-Z07,ok,1.3808889459603035,2.4025099137908548,0.20056377077432852,0.11701109215997463,1.5759150064197458
chronos,ganymede,7,per_well,49_22-Z08,ok,0.8382748499817911,1.4247129845871511,-0.5146726137087596,-1.767082774607048,0.9563968855147625
deeponet,ganymede,7,per_well,49_22-Z08,ok,0.07116496666545954,0.07597791098182886,0.0,0.0,0.0
lstm,ganymede,7,per_well,49_22-Z08,ok,0.052060760223579604,0.05804275256955388,0.0,0.0,0.0
patchtst,ganymede,7,per_well,49_22-Z08,ok,4.180047920772007,4.18004792887629,0.0,0.0,0.0
tcn,ganymede,7,per_well,49_22-Z08,ok,3.5539004726069314,5.160200508867814,-18.86996734358382,-8.157763341767609,4.05468358373856
timesfm,ganymede,7,per_well,49_22-Z08,ok,0.7071376007158375,1.0713892706958354,0.14343841345964814,-0.5174171134374483,0.8067809728154188
tirex,ganymede,7,per_well,49_22-Z08,ok,0.7379047935764569,1.1981674599114878,-0.0712702634676119,-0.8298303239694187,0.8418835974838883
chronos,ganymede,14,multi_well,,ok,0.8350535082988276,1.7642689226597135,0.6592533886393133,0.6676255504677933,0.9735241621219856
deeponet,ganymede,14,multi_well,,ok,1.792279249114373,2.1604223053598046,-0.9139295455260128,-1.33016225024198,5.0598271254353495
lstm,ganymede,14,multi_well,,ok,0.5350972593450118,1.1665178070637976,0.44200361264057797,-0.20233621079230102,1.5106460831468498
patchtst,ganymede,14,multi_well,,ok,1.0919368243995817,2.048427064167808,-0.7206385627822554,-0.4671060401047913,3.0826733981821404
tcn,ganymede,14,multi_well,,ok,2.368669726906369,3.200543754065353,-0.12137150088388937,0.10752303984160694,2.7614484236996932
timesfm,ganymede,14,multi_well,,ok,0.8681116035965305,1.591041526839933,0.7228818268200761,0.7630600691976557,1.0120640331676243
tirex,ganymede,14,multi_well,,ok,0.7486746819715937,1.5247862058382544,0.7454811887876204,0.7754403566836789,0.8728217835443385
chronos,ganymede,14,per_well,49_22-Z01Z,ok,0.020791449204358266,0.05559936144264576,-0.16254775208195515,-1.1624381104894659,0.5323583150258017
deeponet,ganymede,14,per_well,49_22-Z01Z,ok,0.13442980363665724,0.15168281374480777,0.0,0.0,0.0
lstm,ganymede,14,per_well,49_22-Z01Z,ok,0.02294484638509863,0.031337572573980725,0.0,0.0,0.0
patchtst,ganymede,14,per_well,49_22-Z01Z,ok,7.931374617985317,7.931374986172789,0.0,0.0,0.0
timesfm,ganymede,14,per_well,49_22-Z01Z,ok,0.02191825655399015,0.054912698455102195,-0.1340096881853443,-1.1012760047437054,0.5612098518336821
tirex,ganymede,14,per_well,49_22-Z01Z,ok,0.02073037279785049,0.05447141387207021,-0.1158568642699025,-1.0297171049334493,0.530794473441854
chronos,ganymede,14,per_well,49_22-Z02Z,ok,1.944932309177319,3.1745606642794963,-0.18958890027332842,-0.8765718487319423,0.9788761839519793
deeponet,ganymede,14,per_well,49_22-Z02Z,ok,5.792253804291886,8.008233613915888,-6.437113583814705,-19.56091029404061,4.040187116957
lstm,ganymede,14,per_well,49_22-Z02Z,ok,1.7963825339601436,2.6712301253749975,0.17252752824861117,-1.4786936405869033,1.2530047570523566
patchtst,ganymede,14,per_well,49_22-Z02Z,ok,2.7046663265683,3.2193115611246697,-0.20186853434393504,-0.7111144410472585,1.8865468291758583
timesfm,ganymede,14,per_well,49_22-Z02Z,ok,2.1353421977768674,3.0574208526534647,-0.10341806158667954,-0.8218019819767104,1.0747086734733688
tirex,ganymede,14,per_well,49_22-Z02Z,ok,1.9267342646848702,3.0118917628544133,-0.07080000231079131,-0.7136049652314529,0.9697171853255996
chronos,ganymede,14,per_well,49_22-Z04,ok,0.576262620733933,0.95630126134041,0.20142474473147653,-0.3599490962072691,0.9578080713913074
deeponet,ganymede,14,per_well,49_22-Z04,ok,3.281580294512306,4.8123641440142935,-38.045442483931915,-70.92313002470206,11.80813054939972
lstm,ganymede,14,per_well,49_22-Z04,ok,0.7137166640202189,0.8294613001777287,-0.15996701717219852,-0.26855811948839814,2.5681710601828454
patchtst,ganymede,14,per_well,49_22-Z04,ok,1.1995030838037402,1.2835271601644545,-1.7775603908030426,-0.8528160899201613,4.316179321178881
timesfm,ganymede,14,per_well,49_22-Z04,ok,0.5990083381629382,0.8756218747331469,0.3304861016971147,-0.021551131017746306,0.9956138060671749
tirex,ganymede,14,per_well,49_22-Z04,ok,0.548120403532076,0.8699221516261655,0.3391739245514125,-0.07496417320326931,0.9110327959995841
chronos,ganymede,14,per_well,49_22-Z05Z,ok,0.29080781041675263,0.4442995265599856,0.09979127087207706,-0.468812462837481,1.0223895193389292
deeponet,ganymede,14,per_well,49_22-Z05Z,ok,0.05043234143938337,0.069029018528149,0.0,0.0,0.0
lstm,ganymede,14,per_well,49_22-Z05Z,ok,0.23742893763950892,0.2727761265120154,0.0,0.0,0.0
patchtst,ganymede,14,per_well,49_22-Z05Z,ok,9.528286933898926,9.528287172500663,0.0,0.0,0.0
timesfm,ganymede,14,per_well,49_22-Z05Z,ok,0.3191878799511173,0.45778458502517333,0.044317027650031315,-0.5791310471151812,1.122164988259323
tirex,ganymede,14,per_well,49_22-Z05Z,ok,0.2785544712685902,0.42633342789103257,0.17112261391722028,-0.21254077168934749,0.9793106023592462
chronos,ganymede,14,per_well,49_22-Z06,ok,0.14910751689690654,0.4223847891158016,-0.1401729282452997,-0.8850334578729653,0.6778774009939075
deeponet,ganymede,14,per_well,49_22-Z06,ok,0.1750709951002244,0.2002590506724179,-5013280.05454126,-5013280.05454126,38157.067401382636
lstm,ganymede,14,per_well,49_22-Z06,ok,0.18183871436257826,0.21080126553993134,-5555000.419243857,-5555000.419243857,39632.10511336592
patchtst,ganymede,14,per_well,49_22-Z06,ok,13.264670421420599,13.26467062060214,-21995340387.064682,-21995340387.064682,2891060.98378842
timesfm,ganymede,14,per_well,49_22-Z06,ok,0.16243234004292773,0.41301269006015573,-0.0901367402506621,-0.7022267832339464,0.7384551416129366
tirex,ganymede,14,per_well,49_22-Z06,ok,0.1554199037679387,0.41389316069066223,-0.09478965530330297,-0.7707235692886845,0.7065749777174329
chronos,ganymede,14,per_well,49_22-Z07,ok,1.5529522479391842,2.730687029331391,-0.06700830083609688,-0.4975532444750639,0.9698464347400447
deeponet,ganymede,14,per_well,49_22-Z07,ok,1.6261042010460829,1.8504430085293146,-0.08019809631920771,0.09960867717738509,2.525169798211573
lstm,ganymede,14,per_well,49_22-Z07,ok,1.0417560922781435,1.5190552313833308,0.272054091845612,0.12572940245282327,1.6177382849336395
patchtst,ganymede,14,per_well,49_22-Z07,ok,1.1463407959191405,1.5658776497886722,0.22648697600874423,0.6388165295440957,1.780147394275624
timesfm,ganymede,14,per_well,49_22-Z07,ok,1.651859027992768,2.5075996006854444,0.10021173011634354,-0.04999538214410548,1.0316154866435276
tirex,ganymede,14,per_well,49_22-Z07,ok,1.501392119428905,2.5235431719582353,0.08873346655989744,-0.15526585409903548,0.9376462129516469
chronos,ganymede,14,per_well,49_22-Z08,ok,0.5425624409593979,1.1237323658580527,-0.3042867595746872,-1.5823627831492804,0.8157579972388361
deeponet,ganymede,14,per_well,49_22-Z08,ok,0.18440158565873704,0.18559533030174838,0.0,0.0,0.0
lstm,ganymede,14,per_well,49_22-Z08,ok,0.18932157282997716,0.19594867488410564,0.0,0.0,0.0
patchtst,ganymede,14,per_well,49_22-Z08,ok,4.156349079949515,4.1563490971215975,0.0,0.0,0.0
timesfm,ganymede,14,per_well,49_22-Z08,ok,0.4998171762646808,0.8617839380852278,0.2329139282077064,-0.42299085330045916,0.7514892810756844
tirex,ganymede,14,per_well,49_22-Z08,ok,0.5210652656474741,0.9616386958035599,0.04485090648933676,-0.7224822068856092,0.7834363852825463
chronos,ganymede,30,multi_well,,ok,0.885937948902927,1.8203320541602515,0.5861657019594047,0.583825591677553,1.042821236372471
deeponet,ganymede,30,multi_well,,ok,0.999329182904978,1.6856159778107298,-0.16882468445956644,-0.765877044620882,2.52727784101502
lstm,ganymede,30,multi_well,,ok,0.5780603665294813,1.2447453954759382,0.36262774698640476,-0.28040391556203814,1.4618998224911155
patchtst,ganymede,30,multi_well,,ok,0.9839957196647481,1.9781246378153587,-0.609679454026905,-0.47200014317804695,2.488499906240412
tcn,ganymede,30,multi_well,,ok,2.6234266284298644,3.4794661824812634,-0.511995460456192,0.059961383088116715,3.0879871542054724
timesfm,ganymede,30,multi_well,,ok,0.9489694364765345,1.7364731790029149,0.6234163957059465,0.6558540450581241,1.1170144390491379
tirex,ganymede,30,multi_well,,ok,0.8038471200274764,1.602246527884933,0.6793849338742971,0.6988015291259635,0.9461936342150672
chronos,ganymede,30,per_well,49_22-Z01Z,ok,0.018754734145918047,0.05160691056682727,-0.15208932347940474,-1.2129349167126784,0.5564949670379737
deeponet,ganymede,30,per_well,49_22-Z01Z,ok,0.0722314290954295,0.08065838770917952,0.0,0.0,0.0
lstm,ganymede,30,per_well,49_22-Z01Z,ok,0.15585943309162392,0.20733741732636646,0.0,0.0,0.0
patchtst,ganymede,30,per_well,49_22-Z01Z,ok,7.822298335065745,7.822298666876088,0.0,0.0,0.0
timesfm,ganymede,30,per_well,49_22-Z01Z,ok,0.019897222442984024,0.05095869357422947,-0.12332907828936301,-1.1488673211836944,0.5903951536399459
tirex,ganymede,30,per_well,49_22-Z01Z,ok,0.019079493182568737,0.050937891150083944,-0.12241213177241916,-1.1044039789121811,0.5661312950173573
chronos,ganymede,30,per_well,49_22-Z02Z,ok,2.175184237914366,3.435891334259537,-0.3309304330780185,-1.3980260858690832,1.059997383806262
deeponet,ganymede,30,per_well,49_22-Z02Z,ok,3.909196347796608,4.588413590200968,-1.4574680805532592,-1.8305202412471342,2.43567506616176
lstm,ganymede,30,per_well,49_22-Z02Z,ok,2.063181348322356,2.8336774284319914,0.06273242570374815,-1.1439154283232158,1.2854916765465632
patchtst,ganymede,30,per_well,49_22-Z02Z,ok,2.808040468749118,3.444601648083971,-0.3376870590325656,-0.8712878007803917,1.3683969754015586
timesfm,ganymede,30,per_well,49_22-Z02Z,ok,2.331959555331622,3.2946588504247525,-0.22376328352691965,-1.2875676093035735,1.136396165762786
tirex,ganymede,30,per_well,49_22-Z02Z,ok,2.1123274445086784,3.1961162451909413,-0.1516530143811654,-1.187892159620624,1.0293663984381607
chronos,ganymede,30,per_well,49_22-Z04,ok,0.659752907321772,1.0493205115104989,-0.014789557265180164,-0.8975886304123382,1.0733504328128203
deeponet,ganymede,30,per_well,49_22-Z04,ok,4.468670412443895,7.517148342934116,-94.11059426886314,-180.78455712480132,14.61966376565366
lstm,ganymede,30,per_well,49_22-Z04,ok,0.6744941369870487,0.8257153351509506,-0.14758101433881232,-0.6354362346952158,2.2066692292176735
patchtst,ganymede,30,per_well,49_22-Z04,ok,1.0788211280841071,1.3266910821582383,-0.6221809037603279,-1.186653899887553,1.7551315295267156
timesfm,ganymede,30,per_well,49_22-Z04,ok,0.6396195489838027,0.9219164730826707,0.21667350690206044,-0.35625285235275195,1.0405955201080623
tirex,ganymede,30,per_well,49_22-Z04,ok,0.6163628730757892,0.9417127231738297,0.18267169173284725,-0.4771130482243069,1.002759289491076
chronos,ganymede,30,per_well,49_22-Z05Z,ok,0.31693270621060643,0.4742804996377675,0.12884159368677894,-0.8344861057008188,1.12350409191094
deeponet,ganymede,30,per_well,49_22-Z05Z,ok,0.2452304204305013,0.3008373767148255,0.0,0.0,0.0
lstm,ganymede,30,per_well,49_22-Z05Z,ok,0.19689776102701823,0.2460101130467059,0.0,0.0,0.0
patchtst,ganymede,30,per_well,49_22-Z05Z,ok,5.524211884780083,5.5620404583129375,-118.81047699375885,-239.0581696482411,19.582938726527857
timesfm,ganymede,30,per_well,49_22-Z05Z,ok,0.3891378105021183,0.5396379859033364,-0.12779877808160145,-1.3233105428776892,1.3794660943761023
tirex,ganymede,30,per_well,49_22-Z05Z,ok,0.32401714880082466,0.47706149887803945,0.11859536288561723,-0.6934153712723226,1.1486179412645918
chronos,ganymede,30,per_well,49_22-Z06,ok,0.08752423305136489,0.2836768134623045,-0.1087970652949859,-0.8550834372990224,0.7182294623640064
deeponet,ganymede,30,per_well,49_22-Z06,ok,0.11868143705720696,0.1371056736351445,-2343723.025078722,-2343723.025078722,25803.38243376227
lstm,ganymede,30,per_well,49_22-Z06,ok,0.19609694470425262,0.2495641527386309,-7765330.947888241,-7765330.947888241,42634.8431883004
patchtst,ganymede,30,per_well,49_22-Z06,ok,5.410661728949774,5.429527699490663,-405.18944902579517,-118.04520760786785,44.40024062680095
timesfm,ganymede,30,per_well,49_22-Z06,ok,0.09358278344993042,0.26530103911770636,0.030199753654269412,-0.5952767150402887,0.7679463149859911
tirex,ganymede,30,per_well,49_22-Z06,ok,0.09184613523697664,0.2721469294670533,-0.020495902971771507,-0.6857268514869352,0.7536952685178295
chronos,ganymede,30,per_well,49_22-Z07,ok,1.580119414542509,2.80240159358266,-0.15660593612372842,-0.7635582319622705,1.0347253674873362
deeponet,ganymede,30,per_well,49_22-Z07,ok,2.1393427015667275,2.4157821255035152,-0.7832007822954596,-0.037460212834580675,2.9638997146586283
lstm,ganymede,30,per_well,49_22-Z07,ok,1.3586578377283838,1.7207393101303403,0.09527856622327946,0.09318162803805785,1.8823190761409028
patchtst,ganymede,30,per_well,49_22-Z07,ok,2.8376629991112425,4.3641209625563615,-1.8049055102896472,-3.7349802653208704,1.8582151872551602
timesfm,ganymede,30,per_well,49_22-Z07,ok,1.7188657080295766,2.591287397800066,0.011092113755609478,-0.2602379722150039,1.1255819876861823
tirex,ganymede,30,per_well,49_22-Z07,ok,1.5623006175648995,2.61068080852158,-0.003765414440895176,-0.4081159689648648,1.0230569068120539
chronos,ganymede,30,per_well,49_22-Z08,ok,0.08867748868899009,0.3810548762487964,-0.2328983757907559,-1.48990304980543,0.6900441913979467
deeponet,ganymede,30,per_well,49_22-Z08,ok,0.3042647002087246,0.31974023803140345,0.0,0.0,0.0
lstm,ganymede,30,per_well,49_22-Z08,ok,0.06083262553522037,0.07489164487108543,0.0,0.0,0.0
patchtst,ganymede,30,per_well,49_22-Z08,ok,2.231393907721479,2.2911395922063744,-43.57130439255891,-1.7866947062029004,17.363599798037974
timesfm,ganymede,30,per_well,49_22-Z08,ok,0.09726651302777478,0.35990413409304,-0.09983086654613715,-1.2123493073619795,0.756879714622341
tirex,ganymede,30,per_well,49_22-Z08,ok,0.08473352185727022,0.3589961876123061,-0.09428867972947996,-1.3565914741649254,0.6593541995687988
chronos,ganymede,90,multi_well,,ok,0.9949632350653862,1.9324270600355014,0.38329332643514025,0.36147542887542206,1.3787604329889562
deeponet,ganymede,90,multi_well,,ok,0.8627915977145973,1.7438940505473168,-0.25914477082381016,-1.933143154805677,2.262203809685801
lstm,ganymede,90,multi_well,,ok,0.7183885049554541,1.3627780465589694,0.231071901014125,-0.610997153128156,1.8835848854456456
patchtst,ganymede,90,multi_well,,ok,2.47838756217201,3.1074273417280693,-0.5946831050049692,-0.3818475650526587,3.43440099849189
tcn,ganymede,90,multi_well,,ok,2.3355096567540414,3.031732715228465,-0.5179387510858662,-0.043650897048698845,3.2364093572653414
timesfm,ganymede,90,multi_well,,ok,1.0209544962875654,1.8878392277427836,0.41142414841399466,0.4132745106050669,1.414777565395126
tirex,ganymede,90,multi_well,,ok,0.8312639456000562,1.6351813604340528,0.5584251976181246,0.5651441408475473,1.1519157665039979
chronos,ganymede,90,per_well,49_22-Z01Z,ok,0.01804779680944641,0.052060255718804134,-0.13837130497629158,-1.1150355021526641,0.5593624984316028
deeponet,ganymede,90,per_well,49_22-Z01Z,ok,0.10961888869005405,0.13271150116544211,0.0,0.0,0.0
lstm,ganymede,90,per_well,49_22-Z01Z,ok,0.2465423066900669,0.32155391994686017,0.0,0.0,0.0
patchtst,ganymede,90,per_well,49_22-Z01Z,ok,5.025431643168131,5.025703420320634,-10607.77645496105,-4375.548193788408,155.7551285333864
timesfm,ganymede,90,per_well,49_22-Z01Z,ok,0.019215786830875957,0.05142047353266612,-0.11056373939892183,-1.058762270566509,0.5955624747183511
tirex,ganymede,90,per_well,49_22-Z01Z,ok,0.0187558761577714,0.0517980807336643,-0.126934519895735,-1.0639517982731772,0.581308281484722
chronos,ganymede,90,per_well,49_22-Z02Z,ok,2.0744984984572206,3.333256499904331,-0.26994705425624166,-1.548398707299396,1.2135337399664865
deeponet,ganymede,90,per_well,49_22-Z02Z,ok,5.814800388418645,8.307989312524583,-7.200343837293159,-16.454598813522292,3.830343007866438
lstm,ganymede,90,per_well,49_22-Z02Z,ok,2.117320479188536,2.880821244174926,0.014009282761516362,-1.326419726721741,1.394727789628869
patchtst,ganymede,90,per_well,49_22-Z02Z,ok,2.940754113066017,3.5232918632146455,-0.41887908815053954,-0.9658338470976595,1.7202732713092868
timesfm,ganymede,90,per_well,49_22-Z02Z,ok,2.1510862696147033,3.2881676028456512,-0.23582232903664435,-1.6287887100240717,1.258335818366426
tirex,ganymede,90,per_well,49_22-Z02Z,ok,2.00724737239814,3.1906520798118145,-0.16360892905829472,-1.6402245859420272,1.1741933834494163
chronos,ganymede,90,per_well,49_22-Z04,ok,0.7716573716205022,1.1759113221311777,-0.47060330827435015,-1.4497782334989648,1.571529776862493
deeponet,ganymede,90,per_well,49_22-Z04,ok,4.5470173629754695,5.59629393762597,-51.41417832189826,-60.7270486990875,15.209708106995539
lstm,ganymede,90,per_well,49_22-Z04,ok,3.614885063295926,3.9854708019888614,-25.583184849409324,-12.855057063316332,12.091738883770288
patchtst,ganymede,90,per_well,49_22-Z04,ok,1.1206707924838553,1.3184707930220358,-0.8487893055126179,-1.205148933593386,2.2823180071672855
timesfm,ganymede,90,per_well,49_22-Z04,ok,0.5936000452078806,0.8968692115832473,0.14453031205750733,-0.6931603016355605,1.208904600538026
tirex,ganymede,90,per_well,49_22-Z04,ok,0.5647441156597679,0.8828619668118315,0.17104298542053864,-0.715771399590077,1.1501376474942504
chronos,ganymede,90,per_well,49_22-Z05Z,ok,0.5000140609075147,0.7869473263596272,-1.1703754387771297,-2.211029673219199,2.495429950139835
deeponet,ganymede,90,per_well,49_22-Z05Z,ok,0.32028414408365885,0.33145531413500745,0.0,0.0,0.0
lstm,ganymede,90,per_well,49_22-Z05Z,ok,0.2085250806646641,0.2590769741706916,0.0,0.0,0.0
patchtst,ganymede,90,per_well,49_22-Z05Z,ok,5.865211547920317,5.978967610616446,-124.28407503024452,-279.2895724802509,29.271619922911615
timesfm,ganymede,90,per_well,49_22-Z05Z,ok,0.4553564454240648,0.6161340935714736,-0.33043609735193735,-2.689891449591575,2.2725563153925075
tirex,ganymede,90,per_well,49_22-Z05Z,ok,0.3910155092860739,0.557414091676926,-0.0889286515852179,-2.0203983457382564,1.9514487474025854
chronos,ganymede,90,per_well,49_22-Z06,ok,0.15923800192914553,0.5907657119646565,-110.75801330338382,-8.269697418750175,13.71634965528397
deeponet,ganymede,90,per_well,49_22-Z06,ok,0.15281639113193313,0.21685447334433033,-5816849.074124689,-5816849.074124689,32965.62496478289
lstm,ganymede,90,per_well,49_22-Z06,ok,0.2691545823057686,0.3360385257510735,-13967838.660086958,-13967838.660086958,58062.15519239971
patchtst,ganymede,90,per_well,49_22-Z06,ok,5.716942021356775,5.7296366080376,-10511.412821895894,-999.8310650421295,492.44289617270147
timesfm,ganymede,90,per_well,49_22-Z06,ok,0.015904924381829756,0.05798714687859915,-0.07674184857263366,0.08818169830747169,1.37000905197931
tirex,ganymede,90,per_well,49_22-Z06,ok,0.010546759793414687,0.0549053564212096,0.03466613667047325,-0.031573841748121945,0.9084706119405819
chronos,ganymede,90,per_well,49_22-Z07,ok,1.5435135738489218,2.7477199335816236,-0.16456180143277055,-0.987450198005116,1.271893935137825
deeponet,ganymede,90,per_well,49_22-Z07,ok,1.8320429147515496,2.178393170569683,-0.35030615601165027,0.4887013292600467,2.5264677132751023
lstm,ganymede,90,per_well,49_22-Z07,ok,1.5860308490269992,1.9530254248583572,-0.08536423888753575,0.2284238518521452,2.1872062603230145
patchtst,ganymede,90,per_well,49_22-Z07,ok,3.0632826389299037,4.884756640004723,-2.680471381322837,-5.532382498721157,2.524221657578706
timesfm,ganymede,90,per_well,49_22-Z07,ok,1.6661563987708061,2.5721559250031323,-0.020498090233287636,-0.4514898133945773,1.372954701851615
tirex,ganymede,90,per_well,49_22-Z07,ok,1.490772457598139,2.4786452769412657,0.05235348621889169,-0.4630026021549156,1.2284339312685386
chronos,ganymede,90,per_well,49_22-Z08,ok,0.6904799990159785,1.2419150807860686,-24.374072429313888,-0.8846422002232304,10.869268193107976
deeponet,ganymede,90,per_well,49_22-Z08,ok,0.20985914196953617,0.21260656167257264,0.0,0.0,0.0
lstm,ganymede,90,per_well,49_22-Z08,ok,0.1612141410279675,0.1725096167082013,0.0,0.0,0.0
patchtst,ganymede,90,per_well,49_22-Z08,ok,1.283138943586313,1.483929956116266,-35.22706791004723,-0.8825131098407479,20.19867524640325
timesfm,ganymede,90,per_well,49_22-Z08,ok,0.037285519236290664,0.24879381499625075,-0.018322952766454348,-1.384693290966959,0.5869341745975054
tirex,ganymede,90,per_well,49_22-Z08,ok,0.0324360557668754,0.24835211011548164,-0.01471033132028654,-1.38389591018188,0.5105958025709834
chronos,inner_mongolia,7,multi_well,,ok,2.961206521189401,7.379963143155606,-0.31710019961679126,-0.3079180918182398,2.4356743906552785
deeponet,inner_mongolia,7,multi_well,,ok,5.615765949336675,8.530705511647113,-0.7598689497264337,-0.7576975481173747,4.619123048869214
lstm,inner_mongolia,7,multi_well,,ok,2.6920593845318366,6.217414289543605,0.06517559240506277,0.06893454217624029,2.2142934132581633
patchtst,inner_mongolia,7,multi_well,,ok,3.1002360092071766,6.602813073511015,-0.05431026280341755,-0.0533001415101908,2.5500299934605852
tcn,inner_mongolia,7,multi_well,,ok,2.9339997116070013,6.352824010991857,0.024012898969186125,0.026386200663305992,2.4132960339738387
timesfm,inner_mongolia,7,multi_well,,unavailable,,,,,
tirex,inner_mongolia,7,multi_well,,unavailable,,,,,
chronos,inner_mongolia,14,multi_well,,ok,4.1051749552124095,8.723569102290439,-0.2542174171836229,-0.250657413267825,0.9067564694738742
deeponet,inner_mongolia,14,multi_well,,ok,6.713078201835263,9.789534667918037,-0.5794595709054349,-0.5753878359085955,1.482793586305615
lstm,inner_mongolia,14,multi_well,,ok,4.263274644579508,8.019275678809132,-0.05987513453825599,-0.060257513419382125,0.9416777385244252
patchtst,inner_mongolia,14,multi_well,,ok,4.45439020795708,7.952926821721081,-0.04240956829338027,-0.041507225027542116,0.9838915967723412
tcn,inner_mongolia,14,multi_well,,ok,4.481167802482807,8.211051323061914,-0.11117369010973843,-0.11172915697014596,0.9898062672447611
timesfm,inner_mongolia,14,multi_well,,unavailable,,,,,
tirex,inner_mongolia,14,multi_well,,unavailable,,,,,
chronos,inner_mongolia,30,multi_well,,ok,5.143431285705363,9.771029345295126,-0.23693383743823304,-0.23724149815568252,1.0885432983352918
deeponet,inner_mongolia,30,multi_well,,ok,9.694929742088103,13.719270443262996,-1.4385286892205986,-1.4399084923262175,2.0518113714356843
lstm,inner_mongolia,30,multi_well,,ok,5.699145334988707,9.28590971204397,-0.1171583814925139,-0.11906753443322415,1.2061532694795876
patchtst,inner_mongolia,30,multi_well,,ok,6.649764393729344,10.977286887064116,-0.5611903702356287,-0.5632623783616391,1.4073399770180608
tcn,inner_mongolia,30,multi_well,,ok,6.107928728040047,9.764633517512546,-0.23531504615711984,-0.2366337680542483,1.2926671934202218
timesfm,inner_mongolia,30,multi_well,,unavailable,,,,,
tirex,inner_mongolia,30,multi_well,,unavailable,,,,,
chronos,inner_mongolia,90,multi_well,,ok,6.54905097324817,10.980299306356551,-0.3838336132532012,-0.3860559755089026,1.7606297861372913
deeponet,inner_mongolia,90,multi_well,,ok,9.620733118524488,12.943274701455103,-0.9228431320892714,-0.9265708594957947,2.5864128046747656
lstm,inner_mongolia,90,multi_well,,ok,7.233904655392483,10.870833987504657,-0.3563795877255247,-0.35941219106014066,1.9447440645118956
patchtst,inner_mongolia,90,multi_well,,ok,8.456409848472026,13.848368341330064,-1.2011656724550637,-1.2053448563334621,2.2733991728293854
tcn,inner_mongolia,90,multi_well,,ok,8.006042054116023,10.97661955946598,-0.38290626058744404,-0.3862240787716915,2.1523234693684263
timesfm,inner_mongolia,90,multi_well,,unavailable,,,,,
tirex,inner_mongolia,90,multi_well,,unavailable,,,,,
chronos,spe_berg,7,multi_well,,ok,0.48966506038058843,2.7285763097376314,-0.20227151080323935,-0.20300707274390484,1.6488681974091215
deeponet,spe_berg,7,multi_well,,ok,0.8392136029943978,2.4425475331308317,0.036578362035608825,0.03620110282187261,2.825916589378922
lstm,spe_berg,7,multi_well,,ok,0.8426297763102552,2.5386416567736716,-0.040718206663144185,-0.04024796512805162,2.837420002587465
timesfm,spe_berg,7,multi_well,,unavailable,,,,,
tirex,spe_berg,7,multi_well,,unavailable,,,,,
chronos,spe_berg,7,per_well,well_12,ok,0.20067103028584937,1.684144104297251,0.0031179777886390925,0.002474726517478043,0.5758352632622757
timesfm,spe_berg,7,per_well,well_12,unavailable,,,,,
tirex,spe_berg,7,per_well,well_12,unavailable,,,,,
chronos,spe_berg,7,per_well,well_13,ok,0.44809283821441737,2.6877807505434443,-0.005067481424742004,-0.005067481424742004,1.5522191657802156
timesfm,spe_berg,7,per_well,well_13,unavailable,,,,,
tirex,spe_berg,7,per_well,well_13,unavailable,,,,,
chronos,spe_berg,7,per_well,well_14,ok,0.42653034302751397,2.568488542773576,-0.001936669688849424,-0.001936669688849424,1.115333005063955
timesfm,spe_berg,7,per_well,well_14,unavailable,,,,,
tirex,spe_berg,7,per_well,well_14,unavailable,,,,,
chronos,spe_berg,7,per_well,well_15,ok,1.8852377147967767,4.709496001322019,-0.2614023893053805,-0.2622390261808558,0.619092429271728
timesfm,spe_berg,7,per_well,well_15,unavailable,,,,,
tirex,spe_berg,7,per_well,well_15,unavailable,,,,,
chronos,spe_berg,7,per_well,well_16,ok,0.02279316064962424,0.03421852296674587,0.9173719731308942,0.9173719731308942,1.1967477903613766
timesfm,spe_berg,7,per_well,well_16,unavailable,,,,,
tirex,spe_berg,7,per_well,well_16,unavailable,,,,,
chronos,spe_berg,7,per_well,well_17,ok,0.019727366311209544,0.02888429573384951,0.9324153399852734,0.9324153399852734,1.3649648055372348
timesfm,spe_berg,7,per_well,well_17,unavailable,,,,,
tirex,spe_berg,7,per_well,well_17,unavailable,,,,,
chronos,spe_berg,7,per_well,well_18,ok,0.024316131911917175,0.03809476885063362,0.8473074084156289,0.8473074084156289,1.2736162528683626
timesfm,spe_berg,7,per_well,well_18,unavailable,,,,,
tirex,spe_berg,7,per_well,well_18,unavailable,,,,,
chronos,spe_berg,7,per_well,well_19,ok,0.027592931474958147,0.043436704327199774,0.7434545934927416,0.7434545934927416,1.3015924386989348
timesfm,spe_berg,7,per_well,well_19,unavailable,,,,,
tirex,spe_berg,7,per_well,well_19,unavailable,,,,,
chronos,spe_berg,7,per_well,well_20,ok,0.039755716428651916,0.06378160231021274,0.729423717554676,0.729423717554676,2.04803519579916
timesfm,spe_berg,7,per_well,well_20,unavailable,,,,,
tirex,spe_berg,7,per_well,well_20,unavailable,,,,,
chronos,spe_berg,7,per_well,well_21,ok,0.032398699470354696,0.05379065580186198,0.6993975026153534,0.6993975026153534,0.9712551821068418
timesfm,spe_berg,7,per_well,well_21,unavailable,,,,,
tirex,spe_berg,7,per_well,well_21,unavailable,,,,,
chronos,spe_berg,7,per_well,well_22,ok,0.09766877958102267,0.26112038288147177,0.054160581121850404,0.054160581121850404,0.880345218130186
timesfm,spe_berg,7,per_well,well_22,unavailable,,,,,
tirex,spe_berg,7,per_well,well_22,unavailable,,,,,
chronos,spe_berg,7,per_well,well_23,ok,1.244717474942817,5.3185963059797565,-0.8970118757024819,-0.8970118757024819,4.928601967448602
timesfm,spe_berg,7,per_well,well_23,unavailable,,,,,
tirex,spe_berg,7,per_well,well_23,unavailable,,,,,
chronos,spe_berg,7,per_well,well_24,ok,0.3751325213483402,2.595867996630597,-0.030144416990260936,-0.030144416990260936,1.6009713136712789
timesfm,spe_berg,7,per_well,well_24,unavailable,,,,,
tirex,spe_berg,7,per_well,well_24,unavailable,,,,,
chronos,spe_berg,7,per_well,well_25,ok,0.5293620281088167,3.1841000636402175,-0.024656715878707214,-0.024656715878707214,0.5190692894816707
timesfm,spe_berg,7,per_well,well_25,unavailable,,,,,
tirex,spe_berg,7,per_well,well_25,unavailable,,,,,
chronos,spe_berg,7,per_well,well_26,ok,0.5419330927262823,3.2226853405118367,-0.029009407214782845,-0.029009407214782845,0.5254999287768328
timesfm,spe_berg,7,per_well,well_26,unavailable,,,,,
tirex,spe_berg,7,per_well,well_26,unavailable,,,,,
chronos,spe_berg,7,per_well,well_27,ok,0.578972022227198,3.0223536708168806,-0.2293943087291137,-0.22935459818556314,3.119933444137813
timesfm,spe_berg,7,per_well,well_27,unavailable,,,,,
tirex,spe_berg,7,per_well,well_27,unavailable,,,,,
chronos,spe_berg,7,per_well,well_28,ok,0.24878152946822296,2.0454926080404876,-0.020621179099465925,-0.020621179099465925,0.5578666116515001
timesfm,spe_berg,7,per_well,well_28,unavailable,,,,,
tirex,spe_berg,7,per_well,well_28,unavailable,,,,,
chronos,spe_berg,7,per_well,well_29,ok,0.0526552549835776,0.12226858931630465,0.12511791790670979,0.12511791790670979,1.3360530573593477
timesfm,spe_berg,7,per_well,well_29,unavailable,,,,,
tirex,spe_berg,7,per_well,well_29,unavailable,,,,,
chronos,spe_berg,7,per_well,well_30,ok,0.6901026355576113,3.3447078688549787,0.025622700962720346,0.025622700962720346,2.7312166584966695
timesfm,spe_berg,7,per_well,well_30,unavailable,,,,,
tirex,spe_berg,7,per_well,well_30,unavailable,,,,,
chronos,spe_berg,7,per_well,well_31,ok,1.107284869019675,4.332313351196213,-0.04494879747511993,-0.04494879747511993,1.0921629515145475
timesfm,spe_berg,7,per_well,well_31,unavailable,,,,,
tirex,spe_berg,7,per_well,well_31,unavailable,,,,,
chronos,spe_berg,7,per_well,well_32,ok,1.923289989476232,5.748624352390495,-0.14899376552818788,-0.14899376552818788,2.4659849996512806
timesfm,spe_berg,7,per_well,well_32,unavailable,,,,,
tirex,spe_berg,7,per_well,well_32,unavailable,,,,,
chronos,spe_berg,7,per_well,well_33,ok,0.6588850415482813,3.5138229137602064,-0.026907854054205815,-0.026907854054205815,2.905496705552014
timesfm,spe_berg,7,per_well,well_33,unavailable,,,,,
tirex,spe_berg,7,per_well,well_33,unavailable,,,,,
chronos,spe_berg,7,per_well,well_34,ok,0.4956104507357437,3.3643010563955014,-0.7504031611349016,-0.7504031611349016,2.417599624392679
timesfm,spe_berg,7,per_well,well_34,unavailable,,,,,
tirex,spe_berg,7,per_well,well_34,unavailable,,,,,
timesfm,spe_berg,7,per_well,well_35,unavailable,,,,,
tirex,spe_berg,7,per_well,well_35,unavailable,,,,,
timesfm,spe_berg,7,per_well,well_36,unavailable,,,,,
tirex,spe_berg,7,per_well,well_36,unavailable,,,,,
timesfm,spe_berg,7,per_well,well_37,unavailable,,,,,
tirex,spe_berg,7,per_well,well_37,unavailable,,,,,
timesfm,spe_berg,7,per_well,well_38,unavailable,,,,,
tirex,spe_berg,7,per_well,well_38,unavailable,,,,,
timesfm,spe_berg,7,per_well,well_39,unavailable,,,,,
tirex,spe_berg,7,per_well,well_39,unavailable,,,,,
timesfm,spe_berg,7,per_well,well_40,unavailable,,,,,
tirex,spe_berg,7,per_well,well_40,unavailable,,,,,
timesfm,spe_berg,7,per_well,well_41,unavailable,,,,,
tirex,spe_berg,7,per_well,well_41,unavailable,,,,,
timesfm,spe_berg,7,per_well,well_42,unavailable,,,,,
tirex,spe_berg,7,per_well,well_42,unavailable,,,,,
timesfm,spe_berg,7,per_well,well_43,unavailable,,,,,
tirex,spe_berg,7,per_well,well_43,unavailable,,,,,
timesfm,spe_berg,7,per_well,well_44,unavailable,,,,,
tirex,spe_berg,7,per_well,well_44,unavailable,,,,,
timesfm,spe_berg,7,per_well,well_45,unavailable,,,,,
tirex,spe_berg,7,per_well,well_45,unavailable,,,,,
timesfm,spe_berg,7,per_well,well_46,unavailable,,,,,
tirex,spe_berg,7,per_well,well_46,unavailable,,,,,
timesfm,spe_berg,7,per_well,well_47,unavailable,,,,,
tirex,spe_berg,7,per_well,well_47,unavailable,,,,,
timesfm,spe_berg,7,per_well,well_48,unavailable,,,,,
tirex,spe_berg,7,per_well,well_48,unavailable,,,,,
timesfm,spe_berg,7,per_well,well_49,unavailable,,,,,
tirex,spe_berg,7,per_well,well_49,unavailable,,,,,
timesfm,spe_berg,7,per_well,well_50,unavailable,,,,,
tirex,spe_berg,7,per_well,well_50,unavailable,,,,,
timesfm,spe_berg,7,per_well,well_51,unavailable,,,,,
tirex,spe_berg,7,per_well,well_51,unavailable,,,,,
timesfm,spe_berg,7,per_well,well_52,unavailable,,,,,
tirex,spe_berg,7,per_well,well_52,unavailable,,,,,
timesfm,spe_berg,7,per_well,well_53,unavailable,,,,,
tirex,spe_berg,7,per_well,well_53,unavailable,,,,,
chronos,spe_berg,14,multi_well,,ok,0.6780795157506321,3.184526776188142,-0.12055518776476948,-0.12085776979085328,0.8338205923985835
deeponet,spe_berg,14,multi_well,,ok,1.2743888901767026,3.0262679644972303,-0.01194801311581628,-0.011593146782026498,1.5670901046927403
lstm,spe_berg,14,multi_well,,ok,1.1849172478567753,3.5080892483728396,-0.3598302819727388,-0.3511911555257594,1.4570686454576984
timesfm,spe_berg,14,multi_well,,unavailable,,,,,
tirex,spe_berg,14,multi_well,,unavailable,,,,,
timesfm,spe_berg,14,per_well,well_12,unavailable,,,,,
tirex,spe_berg,14,per_well,well_12,unavailable,,,,,
timesfm,spe_berg,14,per_well,well_13,unavailable,,,,,
tirex,spe_berg,14,per_well,well_13,unavailable,,,,,
timesfm,spe_berg,14,per_well,well_14,unavailable,,,,,
tirex,spe_berg,14,per_well,well_14,unavailable,,,,,
timesfm,spe_berg,14,per_well,well_15,unavailable,,,,,
tirex,spe_berg,14,per_well,well_15,unavailable,,,,,
timesfm,spe_berg,14,per_well,well_16,unavailable,,,,,
tirex,spe_berg,14,per_well,well_16,unavailable,,,,,
timesfm,spe_berg,14,per_well,well_17,unavailable,,,,,
tirex,spe_berg,14,per_well,well_17,unavailable,,,,,
timesfm,spe_berg,14,per_well,well_18,unavailable,,,,,
tirex,spe_berg,14,per_well,well_18,unavailable,,,,,
timesfm,spe_berg,14,per_well,well_19,unavailable,,,,,
tirex,spe_berg,14,per_well,well_19,unavailable,,,,,
timesfm,spe_berg,14,per_well,well_20,unavailable,,,,,
tirex,spe_berg,14,per_well,well_20,unavailable,,,,,
timesfm,spe_berg,14,per_well,well_21,unavailable,,,,,
tirex,spe_berg,14,per_well,well_21,unavailable,,,,,
timesfm,spe_berg,14,per_well,well_22,unavailable,,,,,
tirex,spe_berg,14,per_well,well_22,unavailable,,,,,
timesfm,spe_berg,14,per_well,well_23,unavailable,,,,,
tirex,spe_berg,14,per_well,well_23,unavailable,,,,,
timesfm,spe_berg,14,per_well,well_24,unavailable,,,,,
tirex,spe_berg,14,per_well,well_24,unavailable,,,,,
timesfm,spe_berg,14,per_well,well_25,unavailable,,,,,
tirex,spe_berg,14,per_well,well_25,unavailable,,,,,
timesfm,spe_berg,14,per_well,well_26,unavailable,,,,,
tirex,spe_berg,14,per_well,well_26,unavailable,,,,,
timesfm,spe_berg,14,per_well,well_27,unavailable,,,,,
tirex,spe_berg,14,per_well,well_27,unavailable,,,,,
timesfm,spe_berg,14,per_well,well_28,unavailable,,,,,
tirex,spe_berg,14,per_well,well_28,unavailable,,,,,
timesfm,spe_berg,14,per_well,well_29,unavailable,,,,,
tirex,spe_berg,14,per_well,well_29,unavailable,,,,,
timesfm,spe_berg,14,per_well,well_30,unavailable,,,,,
tirex,spe_berg,14,per_well,well_30,unavailable,,,,,
timesfm,spe_berg,14,per_well,well_31,unavailable,,,,,
tirex,spe_berg,14,per_well,well_31,unavailable,,,,,
timesfm,spe_berg,14,per_well,well_32,unavailable,,,,,
tirex,spe_berg,14,per_well,well_32,unavailable,,,,,
timesfm,spe_berg,14,per_well,well_33,unavailable,,,,,
tirex,spe_berg,14,per_well,well_33,unavailable,,,,,
timesfm,spe_berg,14,per_well,well_34,unavailable,,,,,
tirex,spe_berg,14,per_well,well_34,unavailable,,,,,
timesfm,spe_berg,14,per_well,well_35,unavailable,,,,,
tirex,spe_berg,14,per_well,well_35,unavailable,,,,,
timesfm,spe_berg,14,per_well,well_36,unavailable,,,,,
tirex,spe_berg,14,per_well,well_36,unavailable,,,,,
timesfm,spe_berg,14,per_well,well_37,unavailable,,,,,
tirex,spe_berg,14,per_well,well_37,unavailable,,,,,
timesfm,spe_berg,14,per_well,well_38,unavailable,,,,,
tirex,spe_berg,14,per_well,well_38,unavailable,,,,,
timesfm,spe_berg,14,per_well,well_39,unavailable,,,,,
tirex,spe_berg,14,per_well,well_39,unavailable,,,,,
timesfm,spe_berg,14,per_well,well_40,unavailable,,,,,
tirex,spe_berg,14,per_well,well_40,unavailable,,,,,
timesfm,spe_berg,14,per_well,well_41,unavailable,,,,,
tirex,spe_berg,14,per_well,well_41,unavailable,,,,,
timesfm,spe_berg,14,per_well,well_42,unavailable,,,,,
tirex,spe_berg,14,per_well,well_42,unavailable,,,,,
timesfm,spe_berg,14,per_well,well_43,unavailable,,,,,
tirex,spe_berg,14,per_well,well_43,unavailable,,,,,
timesfm,spe_berg,14,per_well,well_44,unavailable,,,,,
tirex,spe_berg,14,per_well,well_44,unavailable,,,,,
timesfm,spe_berg,14,per_well,well_45,unavailable,,,,,
tirex,spe_berg,14,per_well,well_45,unavailable,,,,,
timesfm,spe_berg,14,per_well,well_46,unavailable,,,,,
tirex,spe_berg,14,per_well,well_46,unavailable,,,,,
timesfm,spe_berg,14,per_well,well_47,unavailable,,,,,
tirex,spe_berg,14,per_well,well_47,unavailable,,,,,
timesfm,spe_berg,14,per_well,well_48,unavailable,,,,,
tirex,spe_berg,14,per_well,well_48,unavailable,,,,,
timesfm,spe_berg,14,per_well,well_49,unavailable,,,,,
tirex,spe_berg,14,per_well,well_49,unavailable,,,,,
timesfm,spe_berg,14,per_well,well_50,unavailable,,,,,
tirex,spe_berg,14,per_well,well_50,unavailable,,,,,
timesfm,spe_berg,14,per_well,well_51,unavailable,,,,,
tirex,spe_berg,14,per_well,well_51,unavailable,,,,,
timesfm,spe_berg,14,per_well,well_52,unavailable,,,,,
tirex,spe_berg,14,per_well,well_52,unavailable,,,,,
timesfm,spe_berg,14,per_well,well_53,unavailable,,,,,
tirex,spe_berg,14,per_well,well_53,unavailable,,,,,
chronos,spe_berg,30,multi_well,,ok,0.9291272535769964,3.743860928647681,-0.1260165804930573,-0.12609681456474253,0.9587916700066694
deeponet,spe_berg,30,multi_well,,ok,2.88044182621579,5.374351196230263,-1.3203711381108012,-1.3110834420281225,2.972406217411347
lstm,spe_berg,30,multi_well,,ok,1.5477714165136047,4.3406453394630296,-0.513609950993476,-0.5091126211725543,1.5971873966365429
timesfm,spe_berg,30,multi_well,,unavailable,,,,,
tirex,spe_berg,30,multi_well,,unavailable,,,,,
timesfm,spe_berg,30,per_well,well_12,unavailable,,,,,
tirex,spe_berg,30,per_well,well_12,unavailable,,,,,
timesfm,spe_berg,30,per_well,well_13,unavailable,,,,,
tirex,spe_berg,30,per_well,well_13,unavailable,,,,,
timesfm,spe_berg,30,per_well,well_14,unavailable,,,,,
tirex,spe_berg,30,per_well,well_14,unavailable,,,,,
timesfm,spe_berg,30,per_well,well_15,unavailable,,,,,
tirex,spe_berg,30,per_well,well_15,unavailable,,,,,
timesfm,spe_berg,30,per_well,well_16,unavailable,,,,,
tirex,spe_berg,30,per_well,well_16,unavailable,,,,,
timesfm,spe_berg,30,per_well,well_17,unavailable,,,,,
tirex,spe_berg,30,per_well,well_17,unavailable,,,,,
timesfm,spe_berg,30,per_well,well_18,unavailable,,,,,
tirex,spe_berg,30,per_well,well_18,unavailable,,,,,
timesfm,spe_berg,30,per_well,well_19,unavailable,,,,,
tirex,spe_berg,30,per_well,well_19,unavailable,,,,,
timesfm,spe_berg,30,per_well,well_20,unavailable,,,,,
tirex,spe_berg,30,per_well,well_20,unavailable,,,,,
timesfm,spe_berg,30,per_well,well_21,unavailable,,,,,
tirex,spe_berg,30,per_well,well_21,unavailable,,,,,
timesfm,spe_berg,30,per_well,well_22,unavailable,,,,,
tirex,spe_berg,30,per_well,well_22,unavailable,,,,,
timesfm,spe_berg,30,per_well,well_23,unavailable,,,,,
tirex,spe_berg,30,per_well,well_23,unavailable,,,,,
timesfm,spe_berg,30,per_well,well_24,unavailable,,,,,
tirex,spe_berg,30,per_well,well_24,unavailable,,,,,
timesfm,spe_berg,30,per_well,well_25,unavailable,,,,,
tirex,spe_berg,30,per_well,well_25,unavailable,,,,,
timesfm,spe_berg,30,per_well,well_26,unavailable,,,,,
tirex,spe_berg,30,per_well,well_26,unavailable,,,,,
timesfm,spe_berg,30,per_well,well_27,unavailable,,,,,
tirex,spe_berg,30,per_well,well_27,unavailable,,,,,
timesfm,spe_berg,30,per_well,well_28,unavailable,,,,,
tirex,spe_berg,30,per_well,well_28,unavailable,,,,,
timesfm,spe_berg,30,per_well,well_29,unavailable,,,,,
tirex,spe_berg,30,per_well,well_29,unavailable,,,,,
timesfm,spe_berg,30,per_well,well_30,unavailable,,,,,
tirex,spe_berg,30,per_well,well_30,unavailable,,,,,
timesfm,spe_berg,30,per_well,well_31,unavailable,,,,,
tirex,spe_berg,30,per_well,well_31,unavailable,,,,,
timesfm,spe_berg,30,per_well,well_32,unavailable,,,,,
tirex,spe_berg,30,per_well,well_32,unavailable,,,,,
timesfm,spe_berg,30,per_well,well_33,unavailable,,,,,
tirex,spe_berg,30,per_well,well_33,unavailable,,,,,
timesfm,spe_berg,30,per_well,well_34,unavailable,,,,,
tirex,spe_berg,30,per_well,well_34,unavailable,,,,,
timesfm,spe_berg,30,per_well,well_35,unavailable,,,,,
tirex,spe_berg,30,per_well,well_35,unavailable,,,,,
timesfm,spe_berg,30,per_well,well_36,unavailable,,,,,
tirex,spe_berg,30,per_well,well_36,unavailable,,,,,
timesfm,spe_berg,30,per_well,well_37,unavailable,,,,,
tirex,spe_berg,30,per_well,well_37,unavailable,,,,,
timesfm,spe_berg,30,per_well,well_38,unavailable,,,,,
tirex,spe_berg,30,per_well,well_38,unavailable,,,,,
timesfm,spe_berg,30,per_well,well_39,unavailable,,,,,
tirex,spe_berg,30,per_well,well_39,unavailable,,,,,
timesfm,spe_berg,30,per_well,well_40,unavailable,,,,,
tirex,spe_berg,30,per_well,well_40,unavailable,,,,,
timesfm,spe_berg,30,per_well,well_41,unavailable,,,,,
tirex,spe_berg,30,per_well,well_41,unavailable,,,,,
timesfm,spe_berg,30,per_well,well_42,unavailable,,,,,
tirex,spe_berg,30,per_well,well_42,unavailable,,,,,
timesfm,spe_berg,30,per_well,well_43,unavailable,,,,,
tirex,spe_berg,30,per_well,well_43,unavailable,,,,,
timesfm,spe_berg,30,per_well,well_44,unavailable,,,,,
tirex,spe_berg,30,per_well,well_44,unavailable,,,,,
timesfm,spe_berg,30,per_well,well_45,unavailable,,,,,
tirex,spe_berg,30,per_well,well_45,unavailable,,,,,
timesfm,spe_berg,30,per_well,well_46,unavailable,,,,,
tirex,spe_berg,30,per_well,well_46,unavailable,,,,,
timesfm,spe_berg,30,per_well,well_47,unavailable,,,,,
tirex,spe_berg,30,per_well,well_47,unavailable,,,,,
timesfm,spe_berg,30,per_well,well_48,unavailable,,,,,
tirex,spe_berg,30,per_well,well_48,unavailable,,,,,
timesfm,spe_berg,30,per_well,well_49,unavailable,,,,,
tirex,spe_berg,30,per_well,well_49,unavailable,,,,,
timesfm,spe_berg,30,per_well,well_50,unavailable,,,,,
tirex,spe_berg,30,per_well,well_50,unavailable,,,,,
timesfm,spe_berg,30,per_well,well_51,unavailable,,,,,
tirex,spe_berg,30,per_well,well_51,unavailable,,,,,
timesfm,spe_berg,30,per_well,well_52,unavailable,,,,,
tirex,spe_berg,30,per_well,well_52,unavailable,,,,,
timesfm,spe_berg,30,per_well,well_53,unavailable,,,,,
tirex,spe_berg,30,per_well,well_53,unavailable,,,,,
chronos,spe_berg,90,multi_well,,ok,1.4794950830061462,4.831678549278146,-0.1719272582068352,-0.1713975516130899,1.5236309996100064
deeponet,spe_berg,90,multi_well,,ok,2.654881664263138,5.284372283265192,-0.40181725621606224,-0.40054886230102316,2.7340814120421157
lstm,spe_berg,90,multi_well,,ok,2.3089656322842793,5.381316952779339,-0.45372324276275733,-0.4511780260846565,2.3778461018618184
timesfm,spe_berg,90,multi_well,,unavailable,,,,,
tirex,spe_berg,90,multi_well,,unavailable,,,,,
timesfm,spe_berg,90,per_well,well_12,unavailable,,,,,
tirex,spe_berg,90,per_well,well_12,unavailable,,,,,
timesfm,spe_berg,90,per_well,well_13,unavailable,,,,,
tirex,spe_berg,90,per_well,well_13,unavailable,,,,,
timesfm,spe_berg,90,per_well,well_14,unavailable,,,,,
tirex,spe_berg,90,per_well,well_14,unavailable,,,,,
timesfm,spe_berg,90,per_well,well_15,unavailable,,,,,
tirex,spe_berg,90,per_well,well_15,unavailable,,,,,
timesfm,spe_berg,90,per_well,well_16,unavailable,,,,,
tirex,spe_berg,90,per_well,well_16,unavailable,,,,,
timesfm,spe_berg,90,per_well,well_17,unavailable,,,,,
tirex,spe_berg,90,per_well,well_17,unavailable,,,,,
timesfm,spe_berg,90,per_well,well_18,unavailable,,,,,
tirex,spe_berg,90,per_well,well_18,unavailable,,,,,
timesfm,spe_berg,90,per_well,well_19,unavailable,,,,,
tirex,spe_berg,90,per_well,well_19,unavailable,,,,,
timesfm,spe_berg,90,per_well,well_20,unavailable,,,,,
tirex,spe_berg,90,per_well,well_20,unavailable,,,,,
timesfm,spe_berg,90,per_well,well_21,unavailable,,,,,
tirex,spe_berg,90,per_well,well_21,unavailable,,,,,
timesfm,spe_berg,90,per_well,well_22,unavailable,,,,,
tirex,spe_berg,90,per_well,well_22,unavailable,,,,,
timesfm,spe_berg,90,per_well,well_23,unavailable,,,,,
tirex,spe_berg,90,per_well,well_23,unavailable,,,,,
timesfm,spe_berg,90,per_well,well_24,unavailable,,,,,
tirex,spe_berg,90,per_well,well_24,unavailable,,,,,
timesfm,spe_berg,90,per_well,well_25,unavailable,,,,,
tirex,spe_berg,90,per_well,well_25,unavailable,,,,,
timesfm,spe_berg,90,per_well,well_26,unavailable,,,,,
tirex,spe_berg,90,per_well,well_26,unavailable,,,,,
timesfm,spe_berg,90,per_well,well_27,unavailable,,,,,
tirex,spe_berg,90,per_well,well_27,unavailable,,,,,
timesfm,spe_berg,90,per_well,well_28,unavailable,,,,,
tirex,spe_berg,90,per_well,well_28,unavailable,,,,,
timesfm,spe_berg,90,per_well,well_29,unavailable,,,,,
tirex,spe_berg,90,per_well,well_29,unavailable,,,,,
timesfm,spe_berg,90,per_well,well_30,unavailable,,,,,
tirex,spe_berg,90,per_well,well_30,unavailable,,,,,
timesfm,spe_berg,90,per_well,well_31,unavailable,,,,,
tirex,spe_berg,90,per_well,well_31,unavailable,,,,,
timesfm,spe_berg,90,per_well,well_32,unavailable,,,,,
tirex,spe_berg,90,per_well,well_32,unavailable,,,,,
timesfm,spe_berg,90,per_well,well_33,unavailable,,,,,
tirex,spe_berg,90,per_well,well_33,unavailable,,,,,
timesfm,spe_berg,90,per_well,well_34,unavailable,,,,,
tirex,spe_berg,90,per_well,well_34,unavailable,,,,,
timesfm,spe_berg,90,per_well,well_35,unavailable,,,,,
tirex,spe_berg,90,per_well,well_35,unavailable,,,,,
timesfm,spe_berg,90,per_well,well_36,unavailable,,,,,
tirex,spe_berg,90,per_well,well_36,unavailable,,,,,
timesfm,spe_berg,90,per_well,well_37,unavailable,,,,,
tirex,spe_berg,90,per_well,well_37,unavailable,,,,,
timesfm,spe_berg,90,per_well,well_38,unavailable,,,,,
tirex,spe_berg,90,per_well,well_38,unavailable,,,,,
timesfm,spe_berg,90,per_well,well_39,unavailable,,,,,
tirex,spe_berg,90,per_well,well_39,unavailable,,,,,
timesfm,spe_berg,90,per_well,well_40,unavailable,,,,,
tirex,spe_berg,90,per_well,well_40,unavailable,,,,,
timesfm,spe_berg,90,per_well,well_41,unavailable,,,,,
tirex,spe_berg,90,per_well,well_41,unavailable,,,,,
timesfm,spe_berg,90,per_well,well_42,unavailable,,,,,
tirex,spe_berg,90,per_well,well_42,unavailable,,,,,
timesfm,spe_berg,90,per_well,well_43,unavailable,,,,,
tirex,spe_berg,90,per_well,well_43,unavailable,,,,,
timesfm,spe_berg,90,per_well,well_44,unavailable,,,,,
tirex,spe_berg,90,per_well,well_44,unavailable,,,,,
timesfm,spe_berg,90,per_well,well_45,unavailable,,,,,
tirex,spe_berg,90,per_well,well_45,unavailable,,,,,
timesfm,spe_berg,90,per_well,well_46,unavailable,,,,,
tirex,spe_berg,90,per_well,well_46,unavailable,,,,,
timesfm,spe_berg,90,per_well,well_47,unavailable,,,,,
tirex,spe_berg,90,per_well,well_47,unavailable,,,,,
timesfm,spe_berg,90,per_well,well_48,unavailable,,,,,
tirex,spe_berg,90,per_well,well_48,unavailable,,,,,
timesfm,spe_berg,90,per_well,well_49,unavailable,,,,,
tirex,spe_berg,90,per_well,well_49,unavailable,,,,,
timesfm,spe_berg,90,per_well,well_50,unavailable,,,,,
tirex,spe_berg,90,per_well,well_50,unavailable,,,,,
timesfm,spe_berg,90,per_well,well_51,unavailable,,,,,
tirex,spe_berg,90,per_well,well_51,unavailable,,,,,
timesfm,spe_berg,90,per_well,well_52,unavailable,,,,,
tirex,spe_berg,90,per_well,well_52,unavailable,,,,,
timesfm,spe_berg,90,per_well,well_53,unavailable,,,,,
tirex,spe_berg,90,per_well,well_53,unavailable,,,,,
lstm,volve,7,multi_well,,ok,3.0111442435653446,7.010871677966968,-0.0053497049762651905,-0.0053497049762651905,3.05230772033537
